project,und h1-precision,p1 h1-precision,p1unique h1-precision,und_p1 h1-precision,und h1-recall,p1 h1-recall,p1unique h1-recall,und_p1 h1-recall,und h2-precision,p1 h2-precision,p1unique h2-precision,und_p1 h2-precision,und h2-recall,p1 h2-recall,p1unique h2-recall,und_p1 h2-recall,und h3-precision,p1 h3-precision,p1unique h3-precision,und_p1 h3-precision,und h3-recall,p1 h3-recall,p1unique h3-recall,und_p1 h3-recall,und h4-precision,p1 h4-precision,p1unique h4-precision,und_p1 h4-precision,und h4-recall,p1 h4-recall,p1unique h4-recall,und_p1 h4-recall,und h5-precision,p1 h5-precision,p1unique h5-precision,und_p1 h5-precision,und h5-recall,p1 h5-recall,p1unique h5-recall,und_p1 h5-recall,und h6-precision,p1 h6-precision,p1unique h6-precision,und_p1 h6-precision,und h6-recall,p1 h6-recall,p1unique h6-recall,und_p1 h6-recall,und h7-precision,p1 h7-precision,p1unique h7-precision,und_p1 h7-precision,und h7-recall,p1 h7-recall,p1unique h7-recall,und_p1 h7-recall,und h8-precision,p1 h8-precision,p1unique h8-precision,und_p1 h8-precision,und h8-recall,p1 h8-recall,p1unique h8-recall,und_p1 h8-recall,und h9-precision,p1 h9-precision,p1unique h9-precision,und_p1 h9-precision,und h9-recall,p1 h9-recall,p1unique h9-recall,und_p1 h9-recall,und h10-precision,p1 h10-precision,p1unique h10-precision,und_p1 h10-precision,und h10-recall,p1 h10-recall,p1unique h10-recall,und_p1 h10-recall,und h11-precision,p1 h11-precision,p1unique h11-precision,und_p1 h11-precision,und h11-recall,p1 h11-recall,p1unique h11-recall,und_p1 h11-recall,und h12-precision,p1 h12-precision,p1unique h12-precision,und_p1 h12-precision,und h12-recall,p1 h12-recall,p1unique h12-recall,und_p1 h12-recall,und h13-precision,p1 h13-precision,p1unique h13-precision,und_p1 h13-precision,und h13-recall,p1 h13-recall,p1unique h13-recall,und_p1 h13-recall,und h14-precision,p1 h14-precision,p1unique h14-precision,und_p1 h14-precision,und h14-recall,p1 h14-recall,p1unique h14-recall,und_p1 h14-recall,und h15-precision,p1 h15-precision,p1unique h15-precision,und_p1 h15-precision,und h15-recall,p1 h15-recall,p1unique h15-recall,und_p1 h15-recall,und h16-precision,p1 h16-precision,p1unique h16-precision,und_p1 h16-precision,und h16-recall,p1 h16-recall,p1unique h16-recall,und_p1 h16-recall,und h17-precision,p1 h17-precision,p1unique h17-precision,und_p1 h17-precision,und h17-recall,p1 h17-recall,p1unique h17-recall,und_p1 h17-recall,und h18-precision,p1 h18-precision,p1unique h18-precision,und_p1 h18-precision,und h18-recall,p1 h18-recall,p1unique h18-recall,und_p1 h18-recall,und h19-precision,p1 h19-precision,p1unique h19-precision,und_p1 h19-precision,und h19-recall,p1 h19-recall,p1unique h19-recall,und_p1 h19-recall,und h20-precision,p1 h20-precision,p1unique h20-precision,und_p1 h20-precision,und h20-recall,p1 h20-recall,p1unique h20-recall,und_p1 h20-recall
airflow,74.2%,46.6%,36.1%,66.5%,0.5%,0.1%,0.1%,0.6%,41.6%,30.5%,22.4%,37.7%,1.1%,0.3%,0.2%,1.3%,24.3%,21.4%,14.2%,22.3%,2.0%,0.6%,0.3%,2.2%,14.7%,15.6%,9.5%,13.6%,2.5%,0.9%,0.4%,3.0%,11.4%,11.9%,6.7%,10.5%,4.1%,1.4%,0.6%,4.7%,8.8%,9.2%,4.6%,7.9%,6.1%,2.1%,0.8%,6.9%,6.4%,7.7%,3.5%,5.8%,8.0%,3.2%,1.1%,9.2%,5.2%,6.9%,3.0%,4.8%,11.2%,4.9%,1.6%,12.8%,3.9%,5.8%,2.6%,3.7%,13.5%,6.6%,2.3%,15.8%,3.1%,5.1%,2.5%,3.0%,15.4%,8.4%,3.1%,18.5%,2.5%,4.3%,2.3%,2.4%,16.5%,9.4%,3.8%,20.3%,2.0%,3.8%,2.1%,2.0%,16.7%,10.4%,4.4%,21.1%,1.7%,3.4%,1.8%,1.7%,18.6%,11.9%,4.8%,23.3%,1.6%,3.1%,1.4%,1.5%,19.7%,12.9%,4.5%,24.2%,1.2%,2.6%,1.4%,1.2%,18.0%,12.7%,5.3%,23.3%,1.1%,2.4%,1.4%,1.1%,18.5%,13.8%,6.2%,24.6%,1.0%,2.2%,1.2%,1.0%,20.0%,14.5%,6.4%,26.4%,0.9%,2.0%,1.2%,1.0%,20.0%,15.0%,7.0%,27.0%,0.9%,2.0%,1.2%,1.0%,21.3%,16.0%,7.4%,28.7%,0.8%,1.9%,1.2%,0.9%,21.6%,15.9%,8.0%,29.5%
allura,93.5%,94.2%,94.2%,93.7%,0.7%,0.4%,0.3%,0.9%,83.9%,79.3%,74.8%,81.3%,1.2%,0.6%,0.4%,1.6%,70.0%,65.1%,57.2%,66.3%,2.3%,1.2%,0.8%,3.0%,54.9%,54.0%,44.9%,52.0%,4.1%,2.2%,1.3%,5.4%,43.6%,44.2%,35.2%,41.2%,6.8%,3.9%,2.3%,9.1%,34.6%,37.5%,28.7%,32.9%,9.2%,5.6%,3.1%,12.3%,28.2%,32.7%,23.8%,26.9%,11.5%,7.5%,3.9%,15.4%,23.2%,29.1%,21.1%,22.6%,13.1%,9.3%,4.9%,17.9%,19.4%,26.3%,18.7%,19.2%,14.9%,11.4%,5.8%,20.7%,16.0%,23.4%,16.7%,16.2%,15.6%,12.9%,6.6%,22.2%,14.4%,21.1%,14.8%,14.5%,16.9%,13.9%,7.1%,23.9%,12.2%,19.3%,13.6%,12.6%,17.2%,15.4%,7.8%,24.9%,10.4%,17.9%,13.0%,11.2%,17.5%,17.0%,8.9%,26.4%,9.3%,16.3%,11.4%,9.9%,18.2%,17.9%,9.1%,27.3%,8.0%,14.7%,10.9%,8.9%,18.3%,19.0%,10.1%,28.4%,6.6%,13.0%,9.9%,7.5%,18.0%,19.9%,10.9%,28.9%,6.0%,11.3%,8.3%,6.6%,18.4%,19.8%,10.4%,28.9%,5.6%,11.1%,8.1%,6.3%,19.6%,21.9%,11.6%,31.2%,5.5%,10.4%,7.4%,6.0%,20.8%,22.4%,11.5%,32.2%,4.9%,8.9%,6.2%,5.2%,21.1%,21.7%,10.9%,32.0%
ansible,40.7%,36.3%,30.7%,38.8%,0.2%,0.1%,0.0%,0.3%,17.8%,20.8%,17.2%,17.7%,0.3%,0.1%,0.1%,0.4%,9.8%,12.6%,9.2%,9.7%,0.4%,0.2%,0.1%,0.5%,6.1%,8.9%,6.3%,6.1%,0.7%,0.3%,0.2%,0.9%,4.3%,6.2%,4.0%,4.2%,1.1%,0.5%,0.2%,1.4%,3.2%,5.1%,3.2%,3.2%,1.5%,0.7%,0.4%,1.9%,2.4%,3.9%,2.3%,2.4%,1.7%,0.8%,0.4%,2.1%,1.9%,3.4%,2.0%,1.9%,1.7%,0.9%,0.4%,2.1%,1.6%,3.0%,1.6%,1.6%,1.8%,0.9%,0.4%,2.2%,1.2%,2.6%,1.4%,1.2%,1.6%,1.0%,0.4%,2.0%,1.0%,2.3%,1.2%,1.0%,1.7%,1.1%,0.5%,2.2%,0.7%,2.1%,1.1%,0.8%,1.7%,1.4%,0.6%,2.3%,0.6%,1.7%,0.9%,0.7%,2.0%,1.5%,0.7%,2.6%,0.4%,1.5%,0.8%,0.5%,2.1%,2.0%,0.8%,2.9%,0.4%,1.3%,0.6%,0.4%,2.6%,2.4%,0.9%,3.5%,0.4%,1.3%,0.6%,0.4%,3.0%,3.1%,1.2%,4.2%,0.3%,1.0%,0.4%,0.3%,3.6%,3.4%,1.1%,4.7%,0.3%,0.8%,0.3%,0.3%,4.8%,4.2%,1.3%,6.1%,0.2%,0.7%,0.3%,0.2%,8.9%,7.7%,2.4%,11.3%,0.2%,0.7%,0.3%,0.2%,14.4%,12.3%,4.1%,18.5%
boto,72.5%,67.1%,58.1%,70.2%,2.9%,0.9%,0.5%,3.5%,39.0%,47.8%,36.7%,38.7%,7.0%,3.0%,1.5%,8.5%,23.2%,32.7%,23.8%,23.4%,12.2%,5.9%,2.8%,15.0%,14.9%,25.3%,18.4%,15.6%,15.3%,9.0%,4.2%,19.5%,10.6%,21.3%,15.6%,11.6%,18.5%,12.8%,6.1%,24.6%,8.3%,17.8%,12.9%,9.2%,22.3%,16.5%,7.7%,30.0%,6.9%,14.9%,9.7%,7.4%,27.7%,20.8%,8.7%,36.4%,5.2%,12.5%,8.7%,5.9%,27.6%,22.9%,10.3%,37.9%,4.2%,10.4%,7.2%,4.7%,29.5%,25.6%,11.4%,40.9%,3.5%,8.5%,5.0%,3.8%,31.8%,26.8%,10.1%,41.9%,3.1%,7.7%,4.7%,3.4%,32.2%,27.6%,10.9%,43.1%,2.6%,6.9%,4.2%,2.9%,33.1%,30.3%,12.0%,45.1%,2.3%,6.3%,3.7%,2.6%,33.9%,31.5%,12.1%,46.0%,2.0%,5.6%,3.2%,2.2%,34.6%,33.7%,12.5%,47.1%,1.7%,4.8%,3.0%,2.0%,35.2%,34.1%,13.6%,48.9%,1.6%,4.0%,2.2%,1.7%,35.9%,32.1%,11.5%,47.4%,1.5%,4.0%,2.2%,1.6%,36.5%,33.8%,12.2%,48.6%,1.2%,3.0%,1.7%,1.3%,40.4%,36.5%,13.5%,53.8%,0.9%,2.9%,1.7%,1.0%,40.0%,45.0%,17.5%,57.5%,0.8%,2.7%,1.7%,1.0%,39.5%,44.7%,18.4%,57.9%
calibre,83.5%,79.4%,76.7%,81.9%,0.8%,0.4%,0.3%,1.1%,55.1%,57.6%,52.5%,54.4%,2.1%,1.2%,0.9%,2.9%,34.7%,41.8%,35.9%,35.1%,4.3%,2.8%,2.0%,6.3%,22.9%,28.1%,22.1%,22.7%,9.1%,6.0%,3.9%,13.0%,15.6%,19.0%,13.8%,15.1%,14.6%,9.5%,5.7%,20.2%,11.6%,14.1%,9.4%,11.0%,19.8%,12.9%,7.0%,26.8%,8.9%,11.3%,7.4%,8.5%,22.7%,15.4%,8.3%,31.0%,7.3%,9.4%,6.1%,6.9%,25.1%,17.5%,9.3%,34.4%,5.8%,7.5%,4.6%,5.4%,27.5%,19.3%,9.6%,37.1%,4.8%,6.5%,3.9%,4.6%,29.3%,21.1%,10.4%,39.7%,4.0%,5.6%,3.4%,3.8%,30.3%,22.8%,11.2%,41.5%,3.4%,4.6%,2.7%,3.2%,31.9%,23.2%,11.3%,43.1%,2.9%,4.0%,2.3%,2.7%,31.9%,23.5%,11.1%,43.0%,2.6%,3.7%,2.1%,2.5%,33.6%,25.7%,11.9%,45.5%,2.3%,3.2%,1.7%,2.1%,33.9%,25.3%,11.1%,44.9%,2.1%,2.8%,1.5%,1.9%,33.8%,24.4%,10.8%,44.6%,1.8%,2.5%,1.3%,1.7%,34.3%,25.4%,10.7%,45.0%,1.6%,2.3%,1.1%,1.5%,34.3%,26.0%,10.3%,44.7%,1.4%,2.0%,0.9%,1.3%,34.8%,26.1%,9.8%,44.7%,1.3%,2.0%,0.9%,1.2%,35.1%,27.7%,10.7%,45.9%
cassandra-dtest,88.5%,86.7%,85.2%,88.3%,2.6%,0.2%,0.2%,2.8%,50.8%,66.7%,66.7%,51.8%,2.6%,0.2%,0.2%,2.8%,36.3%,30.0%,29.6%,35.9%,2.9%,0.2%,0.2%,3.1%,23.6%,13.3%,11.1%,22.9%,2.6%,0.1%,0.1%,2.7%,17.9%,10.0%,11.1%,17.5%,2.6%,0.1%,0.1%,2.7%,16.2%,10.0%,11.1%,15.9%,3.1%,0.1%,0.1%,3.2%,14.3%,10.0%,11.1%,14.1%,3.5%,0.2%,0.2%,3.6%,13.4%,10.0%,11.1%,13.2%,4.1%,0.2%,0.2%,4.4%,9.8%,10.0%,11.1%,9.9%,4.0%,0.3%,0.3%,4.3%,8.4%,10.0%,11.1%,8.5%,4.5%,0.4%,0.4%,4.9%,7.4%,10.0%,11.1%,7.6%,5.5%,0.5%,0.5%,6.0%,6.7%,6.7%,7.4%,6.7%,6.6%,0.5%,0.5%,7.0%,5.0%,6.7%,7.4%,5.2%,7.0%,0.7%,0.7%,7.7%,3.1%,3.3%,3.7%,3.1%,6.4%,0.5%,0.5%,6.9%,3.1%,3.3%,3.7%,3.1%,8.8%,0.7%,0.7%,9.5%,2.6%,3.3%,3.7%,2.7%,10.0%,0.9%,0.9%,10.9%,2.4%,3.3%,3.7%,2.5%,11.9%,1.2%,1.2%,13.1%,1.9%,3.3%,3.7%,2.0%,13.3%,1.7%,1.7%,15.0%,1.9%,3.3%,3.7%,2.0%,16.7%,2.1%,2.1%,18.8%,1.9%,3.3%,3.7%,2.0%,18.2%,2.3%,2.3%,20.5%
celery,97.1%,96.2%,95.5%,96.8%,1.3%,0.8%,0.6%,1.9%,82.1%,83.8%,82.6%,82.3%,1.6%,1.0%,0.7%,2.4%,65.8%,74.2%,72.7%,68.0%,1.7%,1.1%,0.9%,2.5%,52.1%,54.5%,51.9%,52.1%,2.1%,1.2%,0.9%,3.0%,45.1%,41.6%,39.4%,43.3%,2.8%,1.5%,1.1%,3.9%,40.9%,35.3%,34.1%,38.8%,4.0%,2.0%,1.5%,5.5%,36.1%,30.8%,31.1%,34.5%,4.3%,2.1%,1.7%,6.1%,32.3%,28.1%,28.0%,30.9%,4.7%,2.4%,1.9%,6.5%,28.1%,24.8%,24.1%,26.8%,4.9%,2.5%,1.9%,6.8%,24.0%,21.6%,21.6%,23.3%,5.0%,2.6%,2.1%,7.1%,21.2%,19.8%,20.1%,20.9%,5.3%,2.9%,2.3%,7.7%,18.9%,18.0%,18.2%,18.7%,5.7%,3.2%,2.5%,8.2%,16.7%,15.5%,15.7%,16.4%,6.1%,3.3%,2.6%,8.8%,14.1%,14.0%,14.0%,14.1%,6.3%,3.6%,2.9%,9.1%,12.4%,13.7%,13.8%,12.8%,6.5%,4.1%,3.3%,9.8%,11.4%,13.4%,13.4%,12.0%,7.1%,4.8%,3.8%,10.9%,10.5%,13.1%,13.1%,11.3%,7.5%,5.4%,4.3%,11.8%,9.4%,11.9%,11.9%,10.2%,8.0%,5.8%,4.6%,12.6%,8.5%,10.4%,10.2%,9.0%,8.3%,5.9%,4.6%,12.9%,7.5%,9.8%,9.7%,8.1%,8.7%,6.6%,5.1%,13.8%
cerbero,56.1%,52.3%,37.3%,52.4%,12.7%,4.4%,2.1%,14.8%,31.1%,31.8%,17.6%,28.4%,22.2%,8.4%,3.1%,25.3%,18.6%,22.5%,9.8%,16.9%,28.1%,12.6%,3.7%,31.9%,9.8%,15.9%,7.8%,9.4%,28.6%,17.1%,5.7%,34.3%,4.7%,9.9%,3.9%,4.5%,27.1%,21.4%,5.7%,32.9%,3.7%,7.9%,3.9%,3.7%,32.6%,26.1%,8.7%,41.3%,2.7%,6.6%,3.9%,2.9%,32.4%,29.4%,11.8%,44.1%,2.0%,4.0%,2.0%,2.0%,33.3%,25.0%,8.3%,41.7%,1.2%,2.6%,2.0%,1.4%,41.7%,33.3%,16.7%,58.3%,1.0%,2.6%,2.0%,1.2%,40.0%,40.0%,20.0%,60.0%,1.0%,2.6%,2.0%,1.2%,40.0%,40.0%,20.0%,60.0%,0.7%,2.0%,2.0%,1.0%,37.5%,37.5%,25.0%,62.5%,0.7%,1.3%,1.0%,0.8%,50.0%,33.3%,16.7%,66.7%,0.5%,1.3%,1.0%,0.6%,50.0%,50.0%,25.0%,75.0%,0.5%,1.3%,1.0%,0.6%,50.0%,50.0%,25.0%,75.0%,0.5%,1.3%,1.0%,0.6%,50.0%,50.0%,25.0%,75.0%,0.5%,1.3%,1.0%,0.6%,50.0%,50.0%,25.0%,75.0%,0.5%,1.3%,1.0%,0.6%,50.0%,50.0%,25.0%,75.0%,0.2%,0.0%,0.0%,0.2%,50.0%,0.0%,0.0%,50.0%,0.2%,0.0%,0.0%,0.2%,50.0%,0.0%,0.0%,50.0%
certbot,76.1%,67.4%,62.3%,73.6%,2.9%,0.7%,0.5%,3.4%,49.5%,58.1%,53.8%,50.3%,4.4%,1.4%,1.1%,5.5%,34.9%,48.1%,45.3%,36.8%,5.7%,2.2%,1.7%,7.4%,27.5%,39.5%,37.7%,29.4%,7.1%,2.8%,2.2%,9.3%,21.6%,31.8%,30.2%,23.1%,8.1%,3.2%,2.5%,10.6%,18.0%,26.4%,23.6%,19.0%,8.9%,3.6%,2.6%,11.6%,15.0%,23.3%,20.8%,16.1%,8.9%,3.7%,2.7%,11.6%,12.9%,20.9%,19.8%,14.2%,8.8%,3.9%,3.0%,11.8%,11.0%,14.7%,13.2%,11.4%,8.5%,3.1%,2.3%,10.7%,10.8%,13.2%,11.3%,10.9%,9.1%,3.0%,2.1%,11.3%,8.9%,11.6%,9.4%,9.0%,8.2%,2.9%,1.9%,10.1%,7.6%,10.9%,8.5%,7.8%,7.3%,2.9%,1.8%,9.2%,7.4%,7.8%,4.7%,6.9%,7.6%,2.2%,1.1%,8.7%,5.5%,5.4%,3.8%,5.2%,6.1%,1.6%,0.9%,7.0%,5.3%,4.7%,2.8%,4.8%,6.0%,1.4%,0.7%,6.7%,4.7%,3.9%,2.8%,4.3%,5.4%,1.2%,0.7%,6.2%,4.4%,3.9%,2.8%,4.1%,5.2%,1.2%,0.7%,5.9%,4.2%,3.9%,2.8%,4.0%,5.0%,1.3%,0.8%,5.8%,3.8%,3.1%,1.9%,3.5%,4.6%,1.0%,0.5%,5.1%,3.6%,3.1%,1.9%,3.3%,4.4%,1.0%,0.5%,4.9%
ChatterBot,69.1%,76.1%,73.5%,69.7%,3.7%,1.5%,0.7%,4.4%,46.9%,56.3%,50.0%,47.4%,8.0%,3.5%,1.5%,9.5%,36.1%,39.4%,32.4%,35.5%,13.3%,5.3%,2.1%,15.3%,25.8%,28.2%,20.6%,25.0%,15.3%,6.1%,2.1%,17.5%,21.1%,25.4%,17.6%,20.6%,16.9%,7.4%,2.5%,19.4%,16.0%,23.9%,14.7%,15.8%,17.0%,9.3%,2.7%,19.8%,13.9%,18.3%,8.8%,13.2%,19.6%,9.4%,2.2%,21.7%,12.9%,18.3%,8.8%,12.3%,24.0%,12.5%,2.9%,26.9%,8.2%,12.7%,2.9%,7.5%,23.5%,13.2%,1.5%,25.0%,7.7%,11.3%,2.9%,7.0%,25.0%,13.3%,1.7%,26.7%,7.2%,9.9%,2.9%,6.6%,26.9%,13.5%,1.9%,28.8%,4.6%,7.0%,2.9%,4.4%,26.5%,14.7%,2.9%,29.4%,2.1%,4.2%,2.9%,2.2%,15.4%,11.5%,3.8%,19.2%,1.5%,2.8%,2.9%,1.8%,16.7%,11.1%,5.6%,22.2%,1.0%,1.4%,2.9%,1.3%,12.5%,6.3%,6.3%,18.8%,0.5%,1.4%,2.9%,0.9%,7.1%,7.1%,7.1%,14.3%,0.5%,1.4%,2.9%,0.9%,8.3%,8.3%,8.3%,16.7%,0.5%,1.4%,2.9%,0.9%,8.3%,8.3%,8.3%,16.7%,0.5%,1.4%,2.9%,0.9%,10.0%,10.0%,10.0%,20.0%,0.5%,1.4%,2.9%,0.9%,10.0%,10.0%,10.0%,20.0%
cherrypy,97.2%,100.0%,100.0%,98.5%,1.7%,1.7%,1.4%,3.2%,93.9%,96.6%,97.3%,95.4%,1.8%,1.8%,1.5%,3.3%,90.5%,93.7%,93.9%,92.0%,1.8%,1.9%,1.6%,3.4%,87.7%,91.4%,91.2%,89.3%,1.9%,1.9%,1.6%,3.5%,86.0%,89.7%,89.2%,87.5%,2.0%,2.0%,1.7%,3.7%,82.1%,88.6%,88.5%,85.0%,2.1%,2.2%,1.9%,3.9%,76.5%,82.3%,81.8%,78.9%,2.3%,2.5%,2.1%,4.4%,71.5%,77.1%,77.7%,74.3%,2.8%,2.9%,2.5%,5.3%,65.4%,68.0%,67.6%,66.4%,3.3%,3.3%,2.8%,6.0%,59.8%,60.6%,58.8%,59.3%,3.7%,3.7%,3.0%,6.8%,52.5%,53.7%,51.4%,52.0%,4.1%,4.1%,3.3%,7.5%,46.9%,46.3%,43.9%,45.6%,4.6%,4.4%,3.6%,8.2%,40.8%,40.0%,36.5%,38.8%,5.1%,4.9%,3.8%,8.9%,35.8%,36.0%,33.1%,34.6%,5.6%,5.5%,4.3%,9.9%,30.2%,33.7%,30.4%,30.3%,6.0%,6.6%,5.0%,11.0%,25.1%,30.3%,27.7%,26.3%,6.6%,7.8%,6.0%,12.6%,21.2%,24.6%,22.3%,21.7%,7.2%,8.1%,6.2%,13.4%,18.4%,22.9%,20.3%,19.3%,8.1%,9.9%,7.4%,15.5%,16.2%,20.6%,19.6%,17.7%,9.0%,11.1%,9.0%,17.9%,14.5%,16.6%,16.2%,15.3%,9.4%,10.5%,8.7%,18.1%
cobbler,85.5%,97.3%,96.9%,89.9%,2.3%,1.9%,1.6%,3.9%,72.0%,89.3%,90.6%,79.3%,2.5%,2.3%,2.0%,4.5%,64.0%,79.3%,80.5%,70.4%,2.8%,2.6%,2.3%,5.1%,54.5%,68.7%,68.8%,60.1%,3.1%,3.0%,2.5%,5.7%,44.0%,56.7%,60.9%,50.6%,3.3%,3.2%,3.0%,6.3%,36.0%,50.7%,56.3%,43.9%,3.5%,3.7%,3.5%,6.9%,32.5%,43.3%,47.7%,38.4%,3.9%,3.9%,3.7%,7.6%,28.5%,40.7%,45.3%,35.1%,4.4%,4.7%,4.5%,8.8%,25.5%,38.0%,42.2%,32.0%,4.7%,5.3%,5.0%,9.8%,24.5%,36.7%,40.6%,30.8%,5.4%,6.1%,5.7%,11.1%,20.0%,33.3%,37.5%,26.8%,5.3%,6.6%,6.4%,11.7%,16.5%,30.0%,33.6%,23.2%,5.1%,7.0%,6.7%,11.8%,15.5%,28.7%,32.0%,22.0%,5.8%,8.0%,7.6%,13.4%,13.5%,26.0%,29.7%,19.8%,5.7%,8.2%,8.0%,13.7%,13.0%,25.3%,28.9%,19.2%,6.0%,8.8%,8.6%,14.6%,12.5%,24.0%,27.3%,18.3%,6.3%,9.1%,8.9%,15.2%,12.5%,24.0%,27.3%,18.3%,6.6%,9.6%,9.3%,16.0%,12.5%,22.7%,25.8%,17.7%,7.0%,9.6%,9.3%,16.3%,12.0%,22.7%,25.8%,17.4%,7.3%,10.4%,10.1%,17.4%,10.0%,22.0%,25.0%,15.9%,6.6%,10.9%,10.5%,17.1%
deluge,87.1%,81.7%,77.2%,84.3%,1.4%,0.6%,0.5%,1.9%,77.9%,69.9%,63.0%,73.7%,1.7%,0.7%,0.5%,2.2%,72.7%,65.9%,59.5%,69.0%,1.9%,0.9%,0.6%,2.6%,65.2%,62.4%,56.9%,62.8%,2.5%,1.2%,0.8%,3.3%,52.4%,57.8%,52.1%,52.3%,3.3%,1.8%,1.3%,4.6%,39.2%,43.5%,39.9%,39.4%,4.3%,2.4%,1.7%,6.0%,31.3%,36.2%,32.5%,31.6%,5.8%,3.3%,2.4%,8.1%,24.5%,31.0%,26.7%,25.1%,7.1%,4.5%,3.0%,10.1%,21.5%,27.0%,23.0%,21.9%,9.2%,5.8%,3.9%,13.0%,17.4%,23.1%,19.8%,18.1%,10.6%,7.1%,4.8%,15.4%,14.7%,21.0%,18.0%,15.6%,11.9%,8.5%,5.8%,17.7%,11.7%,17.9%,15.3%,12.8%,13.1%,10.0%,6.7%,19.9%,9.5%,14.8%,12.7%,10.4%,14.7%,11.5%,7.8%,22.5%,8.1%,12.3%,10.3%,8.7%,17.0%,12.9%,8.5%,25.5%,7.3%,11.2%,9.3%,7.8%,19.7%,15.2%,9.8%,29.5%,6.1%,9.4%,7.4%,6.5%,23.0%,17.6%,10.9%,34.0%,5.1%,7.9%,6.1%,5.4%,24.0%,18.6%,11.3%,35.3%,4.4%,7.1%,5.6%,4.7%,24.1%,19.5%,12.1%,36.2%,3.6%,6.9%,5.3%,4.1%,24.6%,23.2%,14.1%,38.7%,3.2%,6.0%,4.5%,3.6%,25.8%,24.2%,14.2%,40.0%
django,80.9%,82.4%,78.8%,80.5%,0.4%,0.1%,0.1%,0.5%,59.1%,65.4%,62.4%,59.7%,1.0%,0.4%,0.2%,1.2%,42.8%,53.3%,50.3%,44.2%,1.6%,0.7%,0.4%,2.0%,32.1%,41.7%,37.1%,33.0%,2.3%,1.0%,0.6%,2.9%,24.8%,34.3%,30.1%,25.8%,3.0%,1.4%,0.8%,3.8%,19.8%,28.2%,24.4%,20.7%,3.8%,1.8%,1.0%,4.9%,16.2%,24.0%,20.3%,16.9%,4.8%,2.3%,1.3%,6.1%,13.3%,20.8%,17.3%,14.1%,5.7%,3.0%,1.6%,7.4%,11.4%,18.2%,15.1%,12.1%,6.8%,3.6%,2.0%,8.8%,9.4%,16.0%,13.4%,10.2%,7.6%,4.3%,2.4%,10.0%,8.0%,14.2%,11.7%,8.7%,8.6%,5.1%,2.8%,11.5%,6.7%,12.3%,10.1%,7.4%,9.6%,5.9%,3.2%,12.9%,5.6%,10.7%,8.6%,6.1%,10.4%,6.6%,3.5%,14.0%,4.9%,9.9%,7.9%,5.5%,11.3%,7.5%,4.0%,15.4%,4.2%,8.6%,6.5%,4.7%,12.5%,8.5%,4.3%,16.9%,3.8%,7.9%,5.9%,4.2%,13.8%,9.6%,4.8%,18.7%,3.3%,6.9%,5.0%,3.6%,14.5%,10.1%,4.8%,19.4%,3.0%,6.4%,4.6%,3.3%,15.5%,11.0%,5.2%,20.8%,2.6%,5.8%,4.1%,2.9%,16.7%,12.3%,5.9%,22.6%,2.4%,5.5%,4.0%,2.7%,18.4%,14.1%,6.7%,25.1%
django-rest-framework,82.7%,85.6%,80.7%,82.3%,4.2%,1.7%,1.0%,5.2%,65.4%,72.3%,67.5%,65.8%,6.0%,2.6%,1.5%,7.5%,49.8%,56.9%,48.2%,49.5%,8.6%,3.8%,2.0%,10.6%,39.6%,48.9%,39.5%,39.6%,10.7%,5.2%,2.5%,13.3%,31.3%,41.0%,29.8%,31.0%,13.0%,6.6%,2.9%,15.9%,26.3%,35.1%,23.7%,25.8%,16.1%,8.4%,3.5%,19.6%,20.4%,30.9%,21.1%,20.5%,18.3%,10.8%,4.5%,22.8%,16.7%,28.2%,20.2%,17.3%,20.0%,13.3%,5.8%,25.8%,14.0%,24.5%,16.7%,14.5%,21.8%,14.9%,6.2%,27.9%,11.9%,20.2%,14.9%,12.5%,23.2%,15.4%,6.9%,30.1%,10.0%,18.1%,12.3%,10.4%,23.5%,16.7%,6.9%,30.4%,9.0%,16.0%,9.6%,9.1%,25.9%,18.1%,6.6%,32.5%,7.7%,14.4%,8.8%,7.9%,27.6%,20.1%,7.5%,35.1%,7.7%,13.8%,7.9%,7.7%,28.5%,20.0%,6.9%,35.4%,6.5%,12.8%,7.9%,6.7%,28.2%,21.8%,8.2%,36.4%,5.8%,10.6%,5.3%,5.7%,31.8%,22.7%,6.8%,38.6%,5.2%,9.6%,4.4%,5.1%,33.8%,24.3%,6.8%,40.5%,4.8%,8.0%,3.5%,4.5%,38.3%,25.0%,6.7%,45.0%,4.4%,7.4%,3.5%,4.2%,38.9%,25.9%,7.4%,46.3%,3.1%,6.4%,3.5%,3.2%,35.7%,28.6%,9.5%,45.2%
docutils,70.1%,88.0%,84.8%,73.3%,0.9%,0.4%,0.3%,1.2%,49.0%,68.7%,63.2%,52.1%,1.9%,1.0%,0.7%,2.5%,38.4%,63.3%,56.8%,42.4%,2.9%,1.8%,1.2%,4.1%,27.9%,51.8%,45.6%,31.8%,3.7%,2.6%,1.7%,5.4%,18.2%,42.8%,38.4%,22.6%,3.9%,3.3%,2.3%,6.1%,15.1%,34.9%,29.6%,18.2%,5.1%,4.3%,2.8%,7.8%,10.9%,26.5%,22.4%,13.4%,5.5%,4.9%,3.1%,8.6%,7.1%,21.7%,19.2%,9.7%,5.6%,6.3%,4.2%,9.7%,5.8%,17.5%,15.2%,7.8%,6.0%,6.7%,4.4%,10.4%,4.9%,13.3%,10.4%,6.1%,6.6%,6.6%,3.9%,10.5%,3.5%,10.2%,7.2%,4.3%,5.6%,5.9%,3.1%,8.7%,3.1%,7.8%,4.8%,3.5%,6.0%,5.6%,2.6%,8.5%,2.9%,7.8%,4.8%,3.3%,6.8%,6.8%,3.1%,9.9%,2.2%,7.2%,4.8%,2.8%,5.7%,6.8%,3.4%,9.1%,1.3%,4.8%,4.0%,1.9%,3.8%,5.0%,3.1%,6.9%,1.1%,4.2%,3.2%,1.6%,3.6%,5.0%,2.9%,6.4%,1.1%,3.6%,2.4%,1.4%,7.1%,8.6%,4.3%,11.4%,0.9%,3.0%,1.6%,1.0%,6.9%,8.6%,3.4%,10.3%,0.7%,3.0%,1.6%,0.9%,5.6%,9.3%,3.7%,9.3%,0.4%,2.4%,1.6%,0.7%,4.8%,9.5%,4.8%,9.5%
dymos,81.8%,91.4%,94.0%,84.3%,1.1%,0.4%,0.3%,1.4%,42.6%,69.0%,68.7%,47.9%,2.3%,1.3%,0.9%,3.2%,24.7%,53.4%,51.8%,30.2%,3.1%,2.4%,1.7%,4.8%,15.7%,46.6%,47.0%,22.1%,3.7%,3.9%,2.8%,6.4%,11.4%,38.8%,36.1%,16.5%,4.2%,5.2%,3.4%,7.7%,9.9%,31.0%,28.9%,13.8%,5.5%,6.2%,4.1%,9.6%,6.2%,20.7%,19.3%,8.8%,5.1%,6.1%,4.1%,9.1%,4.6%,17.2%,18.1%,7.4%,5.4%,7.2%,5.4%,10.8%,2.8%,15.5%,18.1%,5.9%,5.2%,10.3%,8.6%,13.8%,2.5%,9.5%,9.6%,3.9%,7.4%,10.2%,7.4%,14.8%,1.5%,6.0%,7.2%,2.7%,7.6%,10.6%,9.1%,16.7%,1.5%,4.3%,4.8%,2.2%,10.9%,10.9%,8.7%,19.6%,1.5%,4.3%,4.8%,2.2%,11.4%,11.4%,9.1%,20.5%,1.5%,4.3%,4.8%,2.2%,13.9%,13.9%,11.1%,25.0%,1.5%,4.3%,4.8%,2.2%,20.8%,20.8%,16.7%,37.5%,1.2%,3.4%,3.6%,1.7%,22.2%,22.2%,16.7%,38.9%,0.6%,3.4%,3.6%,1.2%,16.7%,33.3%,25.0%,41.7%,0.6%,3.4%,3.6%,1.2%,16.7%,33.3%,25.0%,41.7%,0.6%,3.4%,3.6%,1.2%,16.7%,33.3%,25.0%,41.7%,0.3%,2.6%,2.4%,0.7%,12.5%,37.5%,25.0%,37.5%
fail2ban,94.9%,94.1%,88.3%,95.7%,6.4%,2.4%,1.1%,7.7%,84.3%,89.9%,83.3%,85.2%,8.8%,3.6%,1.7%,10.6%,74.0%,80.7%,70.0%,74.4%,10.4%,4.3%,1.9%,12.4%,67.6%,73.1%,61.7%,67.7%,12.0%,4.9%,2.1%,14.3%,58.0%,63.9%,51.7%,57.7%,12.7%,5.3%,2.2%,15.0%,51.0%,59.7%,46.7%,50.9%,13.8%,6.1%,2.4%,16.3%,45.8%,53.8%,41.7%,45.6%,14.7%,6.6%,2.6%,17.4%,39.7%,45.4%,36.7%,39.6%,16.4%,7.1%,2.9%,19.4%,36.2%,44.5%,35.0%,36.4%,19.1%,9.0%,3.5%,22.8%,32.7%,42.0%,31.7%,32.6%,21.4%,10.5%,4.0%,25.4%,30.4%,38.7%,28.3%,30.2%,24.9%,12.0%,4.5%,29.3%,27.6%,37.0%,26.7%,27.5%,26.2%,13.4%,4.9%,31.1%,23.4%,35.3%,26.7%,24.0%,26.4%,15.2%,5.8%,32.2%,21.2%,31.1%,21.7%,21.3%,28.0%,15.7%,5.5%,33.5%,17.3%,27.7%,20.0%,17.8%,28.1%,17.2%,6.3%,34.4%,14.1%,26.1%,18.3%,14.8%,29.7%,20.9%,7.4%,37.2%,13.5%,26.1%,18.3%,14.3%,31.8%,23.5%,8.3%,40.2%,12.2%,23.5%,18.3%,13.2%,32.2%,23.7%,9.3%,41.5%,10.3%,20.2%,15.0%,11.1%,30.8%,23.1%,8.7%,39.4%,9.3%,20.2%,15.0%,10.2%,30.9%,25.5%,9.6%,40.4%
gajim,73.3%,73.7%,75.7%,74.2%,4.3%,3.7%,3.0%,7.3%,52.8%,58.9%,61.4%,56.3%,5.2%,4.8%,4.0%,9.2%,40.6%,50.2%,51.8%,45.1%,6.4%,6.7%,5.5%,11.9%,29.6%,44.3%,46.0%,36.2%,7.0%,8.8%,7.3%,14.3%,22.1%,36.3%,38.9%,28.9%,8.3%,11.4%,9.8%,18.1%,17.9%,29.6%,31.5%,23.3%,10.1%,14.0%,11.9%,22.0%,13.4%,23.9%,25.2%,18.1%,10.7%,16.0%,13.4%,24.1%,11.0%,20.7%,21.8%,15.3%,11.9%,18.8%,15.8%,27.7%,9.0%,17.6%,18.7%,12.9%,12.7%,20.9%,17.6%,30.4%,7.2%,15.3%,16.0%,10.8%,13.7%,24.2%,20.2%,33.9%,6.5%,14.3%,15.1%,9.9%,14.6%,27.1%,22.9%,37.4%,5.8%,13.1%,13.8%,9.0%,15.8%,30.3%,25.4%,41.3%,5.1%,12.5%,13.1%,8.3%,15.9%,33.1%,27.5%,43.4%,4.5%,10.8%,11.1%,7.1%,17.0%,34.5%,28.4%,45.5%,3.9%,9.7%,10.2%,6.4%,16.7%,35.0%,29.5%,46.2%,3.5%,8.8%,9.2%,5.8%,17.3%,36.6%,30.7%,48.0%,3.2%,8.0%,8.3%,5.2%,18.4%,39.1%,32.2%,50.6%,2.9%,7.7%,7.9%,4.9%,19.3%,43.3%,35.3%,54.7%,2.5%,7.2%,7.6%,4.5%,18.1%,44.2%,37.0%,55.1%,2.2%,6.9%,7.3%,4.2%,16.9%,44.6%,37.7%,54.6%
gensim,94.8%,89.2%,86.8%,93.0%,2.1%,0.9%,0.6%,2.6%,88.4%,81.4%,76.5%,85.7%,2.7%,1.1%,0.7%,3.4%,71.1%,68.6%,63.2%,69.3%,3.3%,1.4%,0.9%,4.2%,58.2%,48.0%,39.7%,54.0%,5.1%,1.8%,1.0%,6.1%,46.1%,39.2%,27.9%,42.0%,6.9%,2.6%,1.2%,8.2%,33.6%,33.3%,25.0%,31.7%,8.5%,3.7%,1.9%,10.4%,25.9%,24.5%,17.6%,24.0%,10.4%,4.3%,2.1%,12.5%,20.3%,20.6%,13.2%,18.7%,11.1%,5.0%,2.1%,13.2%,15.9%,15.7%,10.3%,14.7%,12.1%,5.2%,2.3%,14.4%,14.2%,15.7%,10.3%,13.3%,13.9%,6.7%,2.9%,16.8%,11.2%,13.7%,10.3%,11.0%,14.6%,7.9%,3.9%,18.5%,9.9%,13.7%,10.3%,10.0%,16.7%,10.1%,5.1%,21.7%,7.8%,11.8%,10.3%,8.3%,17.0%,11.3%,6.6%,23.6%,5.2%,8.8%,7.4%,5.7%,17.6%,13.2%,7.4%,25.0%,4.3%,5.9%,4.4%,4.3%,20.0%,12.0%,6.0%,26.0%,3.4%,3.9%,2.9%,3.3%,21.1%,10.5%,5.3%,26.3%,3.4%,3.9%,2.9%,3.3%,22.2%,11.1%,5.6%,27.8%,3.0%,2.9%,2.9%,3.0%,20.6%,8.8%,5.9%,26.5%,2.6%,2.0%,1.5%,2.3%,27.3%,9.1%,4.5%,31.8%,1.7%,2.0%,1.5%,1.7%,25.0%,12.5%,6.3%,31.3%
glance,97.7%,95.9%,95.4%,97.2%,3.1%,1.0%,0.9%,4.0%,94.0%,86.7%,85.1%,92.0%,3.4%,1.0%,0.9%,4.3%,86.7%,82.7%,80.5%,85.3%,3.7%,1.1%,1.0%,4.7%,77.3%,71.4%,67.8%,75.2%,4.4%,1.3%,1.1%,5.5%,57.0%,49.0%,42.5%,53.7%,5.6%,1.6%,1.2%,6.8%,35.3%,35.7%,31.0%,34.4%,5.2%,1.7%,1.3%,6.5%,26.7%,27.6%,24.1%,26.1%,5.1%,1.7%,1.3%,6.4%,20.7%,19.4%,17.2%,19.9%,4.9%,1.5%,1.2%,6.0%,17.7%,14.3%,12.6%,16.5%,4.8%,1.3%,1.0%,5.8%,15.0%,10.2%,9.2%,13.7%,4.8%,1.1%,0.8%,5.6%,14.0%,10.2%,9.2%,12.9%,5.1%,1.2%,1.0%,6.1%,13.3%,8.2%,6.9%,11.9%,5.3%,1.1%,0.8%,6.1%,12.7%,6.1%,5.7%,11.1%,5.3%,0.8%,0.7%,6.0%,12.3%,6.1%,5.7%,10.9%,5.4%,0.9%,0.7%,6.1%,11.3%,5.1%,4.6%,9.8%,5.2%,0.8%,0.6%,5.8%,11.0%,4.1%,3.4%,9.3%,5.4%,0.7%,0.5%,5.9%,10.3%,2.0%,2.3%,8.5%,5.4%,0.4%,0.4%,5.8%,9.3%,2.0%,2.3%,7.8%,5.3%,0.4%,0.4%,5.7%,8.7%,2.0%,2.3%,7.2%,5.2%,0.4%,0.4%,5.6%,8.3%,2.0%,2.3%,7.0%,5.7%,0.5%,0.5%,6.2%
gpodder,86.6%,91.7%,90.7%,89.4%,0.7%,1.7%,1.5%,2.2%,76.1%,87.9%,87.9%,84.1%,0.8%,2.2%,2.0%,2.8%,65.7%,82.8%,82.1%,76.8%,0.9%,2.7%,2.4%,3.3%,64.2%,75.8%,74.3%,71.0%,1.1%,3.0%,2.7%,3.8%,59.7%,66.9%,65.0%,63.3%,1.2%,3.0%,2.6%,3.8%,59.7%,65.0%,62.9%,61.8%,1.2%,3.1%,2.7%,3.9%,59.7%,63.1%,60.7%,60.4%,1.2%,3.1%,2.6%,3.9%,58.2%,62.4%,60.0%,59.4%,1.3%,3.3%,2.8%,4.1%,58.2%,61.1%,58.6%,58.5%,1.5%,3.6%,3.1%,4.6%,56.7%,59.2%,57.1%,57.0%,1.7%,4.0%,3.5%,5.1%,55.2%,55.4%,52.9%,53.6%,2.0%,4.7%,4.0%,6.1%,53.7%,54.8%,52.1%,52.7%,2.7%,6.4%,5.4%,8.1%,53.7%,51.6%,48.6%,50.2%,3.4%,7.6%,6.4%,9.8%,53.7%,49.7%,46.4%,48.8%,4.5%,9.7%,8.1%,12.5%,46.3%,41.4%,38.6%,41.1%,5.0%,10.5%,8.7%,13.8%,41.8%,38.2%,35.7%,37.7%,6.1%,13.1%,10.9%,17.0%,31.3%,32.5%,31.4%,31.4%,5.9%,14.2%,12.3%,18.2%,28.4%,29.9%,29.3%,29.0%,6.8%,16.8%,14.6%,21.4%,22.4%,26.8%,27.1%,25.6%,7.0%,19.6%,17.8%,24.8%,17.9%,26.1%,26.4%,23.7%,6.5%,22.0%,19.9%,26.3%
gramps,90.4%,90.1%,88.5%,90.0%,0.6%,0.3%,0.2%,0.8%,86.5%,87.2%,86.1%,86.4%,0.6%,0.3%,0.2%,0.8%,83.3%,85.5%,84.4%,83.7%,0.6%,0.3%,0.2%,0.8%,74.3%,81.6%,80.5%,76.0%,0.7%,0.4%,0.3%,0.9%,57.8%,67.8%,65.4%,59.8%,0.7%,0.4%,0.3%,1.0%,46.2%,51.6%,47.9%,46.7%,0.9%,0.5%,0.3%,1.2%,32.5%,34.2%,31.4%,32.3%,1.3%,0.7%,0.5%,1.8%,23.2%,24.6%,21.6%,22.8%,1.9%,1.0%,0.6%,2.5%,16.9%,18.7%,16.7%,16.9%,2.6%,1.4%,0.9%,3.5%,12.7%,14.1%,12.9%,12.8%,3.5%,1.9%,1.3%,4.8%,8.7%,10.3%,9.6%,8.9%,4.2%,2.5%,1.6%,5.8%,6.3%,7.9%,7.1%,6.5%,5.0%,3.1%,2.0%,7.0%,4.6%,6.2%,5.4%,4.8%,5.8%,3.9%,2.4%,8.2%,3.4%,4.6%,4.0%,3.6%,6.4%,4.2%,2.7%,9.0%,2.4%,3.2%,2.9%,2.5%,6.4%,4.2%,2.7%,9.2%,1.8%,2.5%,2.3%,1.9%,6.6%,4.4%,3.0%,9.5%,1.4%,2.0%,2.0%,1.5%,6.6%,4.9%,3.4%,10.1%,1.1%,1.6%,1.5%,1.2%,7.2%,5.2%,3.5%,10.7%,0.9%,1.2%,1.2%,1.0%,8.0%,5.6%,4.1%,12.0%,0.6%,0.9%,1.0%,0.7%,8.0%,5.6%,4.3%,12.3%
gunicorn,81.0%,84.1%,85.4%,84.1%,2.1%,1.2%,0.9%,3.1%,50.0%,63.5%,62.5%,54.9%,3.4%,2.4%,1.8%,5.3%,41.4%,55.6%,54.2%,46.3%,7.7%,5.6%,4.2%,12.1%,36.2%,50.8%,47.9%,39.6%,9.4%,7.2%,5.2%,14.6%,29.3%,49.2%,45.8%,34.1%,10.8%,9.9%,7.0%,17.8%,25.9%,42.9%,37.5%,29.3%,12.3%,11.1%,7.4%,19.7%,23.3%,39.7%,33.3%,26.2%,14.2%,13.2%,8.4%,22.6%,17.2%,33.3%,29.2%,20.7%,13.5%,14.2%,9.5%,23.0%,12.9%,28.6%,25.0%,16.5%,13.6%,16.4%,10.9%,24.5%,8.6%,19.0%,20.8%,12.2%,11.6%,14.0%,11.6%,23.3%,7.8%,17.5%,18.8%,11.0%,13.6%,16.7%,13.6%,27.3%,6.0%,17.5%,18.8%,9.8%,12.1%,19.0%,15.5%,27.6%,5.2%,14.3%,14.6%,7.9%,13.6%,20.5%,15.9%,29.5%,4.3%,11.1%,12.5%,6.7%,13.2%,18.4%,15.8%,28.9%,3.4%,11.1%,12.5%,6.1%,11.1%,19.4%,16.7%,27.8%,3.4%,11.1%,12.5%,6.1%,11.1%,19.4%,16.7%,27.8%,2.6%,11.1%,12.5%,5.5%,8.8%,20.6%,17.6%,26.5%,2.6%,11.1%,12.5%,5.5%,11.5%,26.9%,23.1%,34.6%,0.9%,11.1%,12.5%,4.3%,4.5%,31.8%,27.3%,31.8%,0.9%,9.5%,10.4%,3.7%,5.6%,33.3%,27.8%,33.3%
home-assistant,45.3%,32.4%,24.4%,41.0%,0.5%,0.1%,0.1%,0.6%,26.8%,18.7%,11.8%,23.7%,1.1%,0.3%,0.1%,1.3%,16.1%,11.5%,6.5%,14.1%,3.2%,0.7%,0.3%,3.5%,11.1%,8.3%,4.2%,9.7%,5.0%,1.3%,0.5%,5.5%,8.1%,6.2%,2.8%,7.0%,7.2%,1.8%,0.6%,7.9%,6.5%,5.1%,2.1%,5.6%,9.4%,2.5%,0.8%,10.2%,5.2%,3.9%,1.5%,4.4%,11.3%,2.9%,0.9%,12.2%,4.2%,3.2%,1.2%,3.6%,13.2%,3.4%,1.0%,14.2%,3.2%,2.9%,1.1%,2.8%,14.5%,4.3%,1.3%,15.8%,2.6%,2.4%,0.9%,2.3%,17.2%,5.3%,1.5%,18.7%,2.1%,2.1%,0.8%,1.8%,18.4%,6.1%,1.8%,20.2%,1.8%,1.8%,0.7%,1.5%,20.1%,6.6%,2.0%,22.0%,1.5%,1.5%,0.6%,1.3%,20.9%,7.1%,2.2%,23.1%,1.2%,1.2%,0.4%,1.0%,20.9%,7.5%,2.1%,22.9%,1.0%,1.1%,0.4%,0.8%,22.0%,8.6%,2.1%,24.1%,0.8%,1.0%,0.3%,0.7%,22.8%,9.4%,2.0%,24.9%,0.7%,0.7%,0.1%,0.6%,23.8%,8.3%,0.7%,24.5%,0.6%,0.6%,0.0%,0.5%,25.4%,8.8%,0.0%,25.4%,0.5%,0.5%,0.0%,0.4%,24.5%,9.0%,0.0%,24.5%,0.4%,0.5%,0.0%,0.3%,23.8%,9.1%,0.0%,23.8%
horizon,81.0%,58.9%,52.0%,74.0%,1.1%,0.3%,0.2%,1.3%,55.5%,37.0%,32.3%,49.9%,1.7%,0.4%,0.3%,2.1%,43.0%,28.5%,23.7%,38.4%,2.2%,0.6%,0.4%,2.5%,34.2%,24.2%,19.3%,30.6%,3.0%,0.8%,0.5%,3.5%,28.4%,20.6%,15.9%,25.4%,4.4%,1.2%,0.8%,5.2%,23.3%,17.1%,12.9%,20.8%,5.8%,1.7%,1.0%,6.9%,19.2%,14.0%,10.7%,17.2%,7.6%,2.1%,1.3%,8.9%,15.4%,11.6%,8.8%,13.8%,9.7%,2.8%,1.7%,11.4%,12.5%,8.9%,6.4%,11.1%,12.3%,3.4%,2.0%,14.3%,9.9%,7.1%,5.0%,8.8%,13.7%,3.7%,2.2%,15.9%,8.0%,6.3%,4.5%,7.1%,15.1%,4.6%,2.7%,17.8%,6.0%,5.5%,3.9%,5.5%,15.6%,5.6%,3.3%,18.9%,5.0%,4.3%,2.8%,4.5%,16.7%,5.5%,2.9%,19.6%,4.3%,3.5%,2.4%,3.8%,18.7%,6.0%,3.4%,22.0%,3.6%,2.8%,1.7%,3.1%,20.5%,6.0%,3.0%,23.5%,3.3%,2.6%,1.5%,2.8%,22.2%,6.9%,3.2%,25.4%,3.0%,2.3%,1.1%,2.5%,24.0%,7.2%,2.9%,26.9%,2.3%,2.2%,0.9%,2.0%,25.0%,9.0%,3.2%,28.2%,2.0%,1.7%,0.6%,1.6%,27.0%,9.0%,2.5%,29.5%,1.7%,1.4%,0.6%,1.4%,28.4%,8.8%,2.9%,31.4%
ipython,75.1%,82.3%,78.1%,76.5%,2.1%,0.9%,0.7%,2.8%,57.4%,64.9%,57.6%,57.9%,4.2%,1.9%,1.3%,5.5%,43.1%,52.5%,42.4%,43.4%,6.9%,3.4%,2.0%,9.0%,31.7%,41.8%,29.9%,31.7%,9.1%,4.8%,2.6%,11.9%,24.8%,35.8%,25.0%,25.2%,11.9%,6.9%,3.6%,15.7%,18.2%,30.4%,20.5%,19.1%,13.9%,9.3%,4.7%,19.0%,15.1%,26.8%,17.0%,15.7%,16.0%,11.3%,5.4%,21.5%,13.1%,24.1%,14.7%,13.6%,18.5%,13.6%,6.2%,24.9%,10.7%,21.1%,12.9%,11.3%,20.1%,15.8%,7.3%,27.6%,9.0%,19.1%,11.6%,9.7%,21.9%,18.6%,8.5%,30.7%,6.8%,15.4%,9.8%,7.5%,22.6%,20.4%,9.7%,32.3%,5.8%,15.1%,9.4%,6.6%,23.1%,24.2%,11.3%,34.4%,4.7%,13.4%,8.0%,5.5%,23.6%,27.0%,12.2%,35.8%,4.6%,13.0%,7.6%,5.3%,24.6%,28.3%,12.3%,37.0%,4.0%,12.0%,7.1%,4.7%,26.3%,31.6%,14.0%,40.4%,3.2%,10.0%,6.3%,3.9%,25.5%,31.9%,14.9%,40.4%,3.1%,9.7%,5.8%,3.7%,28.8%,36.3%,16.3%,45.0%,2.8%,8.7%,4.5%,3.2%,31.8%,39.4%,15.2%,47.0%,2.7%,8.0%,4.0%,3.0%,34.5%,41.4%,15.5%,50.0%,2.4%,7.0%,3.6%,2.7%,34.6%,40.4%,15.4%,50.0%
KaraKara,59.8%,52.4%,59.1%,59.7%,6.2%,1.2%,0.7%,6.9%,45.7%,40.5%,50.0%,46.1%,8.1%,1.6%,1.1%,9.2%,34.8%,31.0%,36.4%,35.0%,9.6%,1.9%,1.2%,10.8%,26.6%,28.6%,36.4%,27.7%,13.8%,3.4%,2.3%,16.1%,18.5%,26.2%,36.4%,20.4%,15.9%,5.1%,3.7%,19.6%,14.1%,21.4%,31.8%,16.0%,16.5%,5.7%,4.4%,20.9%,9.8%,16.7%,27.3%,11.7%,15.3%,5.9%,5.1%,20.3%,7.1%,11.9%,18.2%,8.3%,17.1%,6.6%,5.3%,22.4%,6.0%,11.9%,18.2%,7.3%,18.3%,8.3%,6.7%,25.0%,5.4%,9.5%,13.6%,6.3%,20.8%,8.3%,6.3%,27.1%,3.8%,7.1%,9.1%,4.4%,18.4%,7.9%,5.3%,23.7%,3.3%,7.1%,9.1%,3.9%,18.8%,9.4%,6.3%,25.0%,3.3%,7.1%,9.1%,3.9%,20.0%,10.0%,6.7%,26.7%,2.7%,7.1%,9.1%,3.4%,17.9%,10.7%,7.1%,25.0%,2.2%,7.1%,9.1%,2.9%,16.7%,12.5%,8.3%,25.0%,1.6%,7.1%,9.1%,2.4%,13.6%,13.6%,9.1%,22.7%,1.1%,4.8%,4.5%,1.5%,12.5%,12.5%,6.3%,18.8%,1.1%,4.8%,4.5%,1.5%,14.3%,14.3%,7.1%,21.4%,1.1%,4.8%,4.5%,1.5%,20.0%,20.0%,10.0%,30.0%,1.1%,4.8%,4.5%,1.5%,25.0%,25.0%,12.5%,37.5%
keras,71.7%,60.7%,52.7%,68.3%,4.3%,1.0%,0.7%,5.0%,48.2%,34.7%,29.3%,44.9%,5.4%,1.1%,0.7%,6.2%,33.9%,22.8%,19.8%,31.3%,6.8%,1.3%,0.9%,7.6%,23.3%,14.6%,12.0%,21.3%,7.6%,1.4%,0.8%,8.5%,17.1%,11.9%,9.6%,15.8%,8.1%,1.6%,1.0%,9.1%,11.5%,10.5%,9.0%,11.1%,7.9%,2.0%,1.3%,9.2%,9.7%,10.0%,8.4%,9.5%,8.9%,2.6%,1.7%,10.5%,7.3%,8.7%,7.8%,7.4%,8.8%,3.0%,2.0%,10.8%,5.7%,7.3%,6.0%,5.8%,8.5%,3.1%,1.9%,10.4%,4.4%,6.8%,6.0%,4.7%,8.2%,3.6%,2.4%,10.6%,3.8%,5.0%,4.2%,3.8%,8.5%,3.2%,2.1%,10.6%,3.2%,4.6%,3.6%,3.3%,8.7%,3.5%,2.1%,10.8%,3.0%,4.1%,3.6%,3.1%,9.0%,3.5%,2.3%,11.3%,2.7%,3.2%,2.4%,2.7%,9.6%,3.2%,1.8%,11.5%,2.2%,3.2%,2.4%,2.2%,8.6%,3.5%,2.0%,10.6%,2.2%,3.2%,2.4%,2.2%,9.1%,3.8%,2.2%,11.3%,1.8%,3.2%,2.4%,1.9%,8.2%,4.1%,2.4%,10.6%,1.6%,3.2%,2.4%,1.7%,7.7%,4.5%,2.6%,10.3%,1.3%,3.2%,2.4%,1.5%,7.4%,5.1%,2.9%,10.3%,0.9%,2.7%,2.4%,1.2%,5.8%,5.0%,3.3%,9.2%
libcloud,52.0%,59.5%,44.6%,51.4%,3.5%,0.8%,0.3%,3.8%,27.8%,34.7%,16.1%,26.8%,6.5%,1.5%,0.3%,6.8%,16.5%,26.1%,8.6%,15.9%,7.8%,2.3%,0.4%,8.2%,11.2%,22.1%,7.5%,10.9%,11.0%,4.1%,0.6%,11.6%,8.8%,19.1%,5.9%,8.5%,13.5%,5.6%,0.8%,14.3%,6.9%,14.3%,3.8%,6.7%,15.7%,6.1%,0.8%,16.5%,5.8%,12.8%,3.2%,5.6%,18.6%,7.8%,0.9%,19.5%,4.2%,10.8%,2.7%,4.0%,18.6%,9.1%,1.1%,19.6%,3.6%,10.1%,2.7%,3.6%,21.2%,11.0%,1.4%,22.5%,2.8%,8.5%,2.7%,2.8%,23.3%,13.2%,1.9%,25.2%,2.1%,7.0%,2.7%,2.1%,25.6%,16.3%,2.9%,28.5%,1.9%,5.5%,1.6%,1.9%,30.8%,16.9%,2.3%,33.1%,1.7%,4.8%,1.1%,1.6%,34.3%,18.6%,2.0%,36.3%,1.3%,4.3%,1.1%,1.3%,40.0%,24.3%,2.9%,42.9%,1.2%,3.8%,1.1%,1.2%,40.3%,24.2%,3.2%,43.5%,1.1%,3.5%,1.1%,1.1%,42.9%,25.0%,3.6%,46.4%,1.0%,2.8%,0.5%,1.0%,43.8%,22.9%,2.1%,45.8%,0.9%,2.5%,0.5%,0.9%,45.2%,23.8%,2.4%,47.6%,0.9%,2.3%,0.5%,0.8%,45.0%,22.5%,2.5%,47.5%,0.7%,1.8%,0.5%,0.7%,44.1%,20.6%,2.9%,47.1%
linkchecker,91.0%,84.0%,78.8%,88.2%,2.4%,1.0%,0.6%,3.0%,48.2%,46.8%,49.5%,48.5%,2.7%,1.1%,0.8%,3.5%,41.0%,38.7%,40.2%,40.8%,4.2%,1.7%,1.2%,5.5%,37.5%,33.5%,34.8%,36.9%,4.7%,1.8%,1.3%,5.9%,32.7%,29.7%,31.0%,32.3%,5.2%,2.0%,1.5%,6.6%,28.0%,24.2%,26.1%,27.6%,6.2%,2.3%,1.7%,7.9%,24.4%,21.6%,22.8%,24.0%,7.6%,2.9%,2.1%,9.7%,21.0%,19.3%,21.2%,21.0%,8.7%,3.5%,2.6%,11.3%,17.9%,14.9%,16.3%,17.6%,9.9%,3.5%,2.7%,12.5%,16.3%,12.6%,13.6%,15.7%,11.5%,3.8%,2.8%,14.3%,13.3%,10.4%,10.9%,12.7%,12.2%,4.1%,2.9%,15.1%,11.2%,8.6%,8.7%,10.6%,13.4%,4.4%,3.1%,16.4%,9.6%,8.6%,8.7%,9.4%,15.0%,5.8%,4.0%,19.0%,9.0%,7.8%,8.2%,8.8%,16.9%,6.3%,4.5%,21.4%,8.2%,7.8%,8.2%,8.2%,18.6%,7.7%,5.5%,24.1%,7.4%,6.7%,6.5%,7.2%,20.4%,8.0%,5.3%,25.7%,6.4%,5.9%,6.0%,6.3%,20.6%,8.2%,5.7%,26.3%,5.8%,4.8%,4.3%,5.4%,23.1%,8.3%,5.1%,28.2%,5.6%,4.1%,3.3%,5.1%,25.0%,7.9%,4.3%,29.3%,5.1%,3.7%,3.3%,4.7%,25.0%,7.8%,4.7%,29.7%
matplotlib,52.4%,52.7%,46.2%,50.3%,1.1%,0.9%,0.6%,1.7%,44.6%,45.1%,38.4%,42.4%,1.6%,1.3%,0.9%,2.5%,40.0%,41.4%,34.7%,38.1%,1.9%,1.6%,1.1%,3.0%,38.0%,39.2%,32.4%,36.0%,2.1%,1.7%,1.1%,3.2%,34.7%,35.5%,28.3%,32.4%,3.0%,2.5%,1.6%,4.6%,29.9%,31.2%,23.6%,27.6%,4.4%,3.7%,2.2%,6.7%,26.6%,28.0%,20.7%,24.5%,6.1%,5.2%,3.1%,9.2%,23.8%,24.3%,16.8%,21.2%,8.0%,6.6%,3.6%,11.7%,20.7%,21.8%,14.6%,18.5%,9.5%,8.1%,4.3%,13.9%,18.7%,20.1%,13.3%,16.7%,11.1%,9.7%,5.1%,16.3%,16.8%,18.2%,11.7%,15.0%,12.4%,10.9%,5.6%,18.1%,15.2%,16.8%,10.7%,13.6%,13.7%,12.3%,6.2%,20.1%,14.1%,15.5%,9.5%,12.5%,14.7%,13.2%,6.4%,21.4%,12.7%,14.6%,9.0%,11.4%,15.4%,14.3%,7.0%,22.5%,12.0%,13.6%,8.1%,10.5%,16.1%,14.8%,7.0%,23.2%,11.1%,12.4%,7.0%,9.6%,16.5%,14.9%,6.7%,23.2%,10.4%,11.6%,6.6%,9.0%,17.4%,15.7%,7.2%,24.6%,9.9%,11.2%,6.5%,8.6%,18.1%,16.6%,7.6%,25.8%,9.1%,10.6%,6.3%,8.1%,18.3%,17.2%,8.1%,26.5%,8.6%,10.0%,5.9%,7.6%,18.9%,17.8%,8.3%,27.3%
mitmproxy,78.3%,48.7%,41.9%,63.8%,2.2%,1.1%,0.8%,3.0%,45.2%,33.4%,26.8%,37.8%,4.9%,2.9%,1.9%,6.8%,28.3%,26.0%,20.8%,25.3%,6.7%,4.9%,3.3%,9.9%,18.9%,20.1%,15.1%,17.4%,8.7%,7.2%,4.6%,13.2%,14.7%,16.9%,12.2%,13.7%,10.8%,9.8%,5.9%,16.8%,9.6%,12.6%,9.6%,9.6%,11.3%,11.7%,7.5%,18.8%,7.0%,10.0%,7.7%,7.3%,12.1%,13.6%,8.9%,20.9%,5.9%,8.4%,6.2%,6.0%,14.4%,16.1%,10.0%,24.4%,4.4%,6.2%,4.1%,4.3%,16.0%,17.6%,9.8%,25.8%,3.9%,5.1%,3.3%,3.6%,17.2%,17.7%,9.6%,26.8%,3.2%,4.2%,2.9%,3.1%,17.7%,18.4%,10.8%,28.5%,2.9%,3.5%,2.4%,2.7%,18.7%,17.9%,10.4%,29.1%,2.3%,2.5%,1.7%,2.1%,18.9%,16.0%,9.4%,28.3%,1.9%,2.2%,1.5%,1.8%,19.8%,17.4%,10.5%,30.2%,1.3%,1.7%,1.5%,1.4%,16.7%,18.2%,13.6%,30.3%,1.3%,1.6%,1.4%,1.3%,19.0%,19.0%,13.8%,32.8%,1.1%,1.3%,1.0%,1.1%,20.8%,18.8%,12.5%,33.3%,0.8%,1.2%,0.9%,0.8%,18.4%,21.1%,13.2%,31.6%,0.6%,1.0%,0.7%,0.6%,16.7%,23.3%,13.3%,30.0%,0.6%,0.9%,0.5%,0.5%,22.7%,27.3%,13.6%,36.4%
mwlib,88.7%,97.2%,96.1%,91.2%,1.1%,0.8%,0.6%,1.6%,77.9%,86.9%,83.3%,79.7%,1.8%,1.4%,0.9%,2.7%,57.8%,67.6%,60.8%,58.8%,3.8%,3.2%,2.0%,5.8%,37.3%,46.2%,40.2%,38.2%,9.6%,8.5%,5.2%,14.8%,26.5%,31.7%,25.5%,26.1%,14.4%,12.2%,6.9%,21.3%,18.1%,20.7%,15.7%,17.3%,18.0%,14.6%,7.8%,25.7%,14.7%,17.2%,13.7%,14.4%,22.1%,18.4%,10.3%,32.4%,11.8%,13.1%,9.8%,11.1%,26.7%,21.1%,11.1%,37.8%,10.8%,11.7%,7.8%,9.8%,37.9%,29.3%,13.8%,51.7%,8.8%,9.0%,5.9%,7.8%,39.1%,28.3%,13.0%,52.2%,7.4%,7.6%,4.9%,6.5%,41.7%,30.6%,13.9%,55.6%,6.4%,7.6%,4.9%,5.9%,43.3%,36.7%,16.7%,60.0%,5.9%,6.9%,4.9%,5.6%,42.9%,35.7%,17.9%,60.7%,4.9%,4.8%,2.9%,4.2%,45.5%,31.8%,13.6%,59.1%,3.9%,2.8%,1.0%,2.9%,50.0%,25.0%,6.3%,56.3%,2.5%,2.1%,0.0%,1.6%,50.0%,30.0%,0.0%,50.0%,2.0%,1.4%,0.0%,1.3%,50.0%,25.0%,0.0%,50.0%,1.5%,0.7%,0.0%,1.0%,50.0%,16.7%,0.0%,50.0%,1.5%,0.7%,0.0%,1.0%,50.0%,16.7%,0.0%,50.0%,1.5%,0.7%,0.0%,1.0%,50.0%,16.7%,0.0%,50.0%
mypaint,92.7%,94.2%,93.9%,93.1%,3.8%,3.0%,1.9%,5.7%,81.1%,88.1%,88.1%,83.4%,4.4%,3.7%,2.3%,6.7%,69.6%,79.7%,78.6%,72.6%,6.1%,5.5%,3.4%,9.5%,58.3%,70.6%,67.5%,61.3%,7.4%,7.1%,4.2%,11.7%,50.1%,64.6%,61.4%,53.8%,9.1%,9.2%,5.5%,14.6%,40.7%,54.6%,49.8%,43.7%,10.2%,10.7%,6.2%,16.4%,32.2%,45.6%,40.7%,35.0%,11.2%,12.4%,6.9%,18.1%,28.7%,41.2%,35.3%,30.9%,13.2%,14.8%,8.0%,21.2%,25.5%,37.3%,30.8%,27.3%,14.9%,17.0%,8.9%,23.7%,23.2%,33.9%,27.1%,24.5%,16.9%,19.3%,9.7%,26.6%,20.0%,30.3%,23.1%,21.0%,18.9%,22.3%,10.7%,29.6%,18.5%,26.9%,20.0%,19.0%,22.4%,25.4%,11.9%,34.3%,15.7%,23.7%,18.0%,16.4%,23.5%,27.8%,13.3%,36.8%,14.2%,20.9%,14.9%,14.4%,25.6%,29.5%,13.3%,38.9%,12.5%,17.3%,11.2%,12.1%,26.6%,28.7%,11.7%,38.3%,10.4%,14.7%,9.8%,10.2%,28.2%,31.4%,13.2%,41.4%,8.8%,13.2%,9.2%,8.9%,29.1%,34.1%,14.8%,44.0%,7.3%,11.3%,8.1%,7.6%,29.3%,35.3%,16.0%,45.3%,6.8%,10.9%,8.1%,7.3%,31.1%,38.6%,18.2%,49.2%,6.5%,10.4%,7.8%,6.9%,32.0%,40.2%,18.9%,50.8%
networkx,91.4%,74.7%,74.9%,77.9%,0.1%,0.4%,0.4%,0.5%,64.8%,56.5%,56.6%,58.2%,0.2%,0.9%,0.8%,1.1%,38.1%,40.9%,41.0%,40.5%,0.3%,1.5%,1.4%,1.7%,27.6%,31.2%,31.3%,30.6%,0.4%,1.9%,1.9%,2.3%,18.1%,24.9%,24.9%,23.7%,0.4%,2.7%,2.6%,3.0%,13.3%,20.2%,20.1%,18.9%,0.5%,3.6%,3.5%,4.0%,11.4%,13.6%,13.5%,13.2%,0.7%,3.8%,3.7%,4.4%,7.6%,11.9%,11.8%,11.0%,0.7%,4.9%,4.8%,5.4%,6.7%,10.3%,10.2%,9.6%,0.8%,6.1%,6.0%,6.8%,4.8%,8.3%,8.2%,7.6%,0.8%,6.6%,6.5%,7.3%,4.8%,7.1%,7.0%,6.6%,1.1%,8.2%,8.0%,9.1%,4.8%,5.9%,5.8%,5.6%,1.5%,8.7%,8.4%,9.9%,4.8%,4.5%,4.4%,4.4%,2.1%,9.6%,9.2%,11.3%,4.8%,3.6%,3.4%,3.6%,2.7%,9.8%,9.2%,12.0%,4.8%,2.6%,2.4%,2.8%,3.2%,8.3%,7.7%,10.9%,4.8%,2.2%,2.0%,2.5%,4.0%,8.7%,7.9%,11.9%,2.9%,2.0%,1.8%,2.0%,3.1%,10.2%,9.2%,12.2%,2.9%,2.0%,1.8%,2.0%,3.4%,11.4%,10.2%,13.6%,2.9%,2.0%,1.8%,2.0%,4.1%,13.5%,12.2%,16.2%,2.9%,1.8%,1.6%,1.8%,4.5%,13.6%,12.1%,16.7%
nltk,100.0%,98.8%,98.8%,98.9%,0.0%,0.2%,0.2%,0.2%,85.7%,90.2%,90.2%,90.0%,0.0%,0.3%,0.3%,0.3%,85.7%,84.6%,84.6%,84.7%,0.0%,0.3%,0.3%,0.3%,85.7%,78.3%,78.3%,78.5%,0.0%,0.3%,0.3%,0.3%,85.7%,72.8%,72.8%,73.2%,0.0%,0.3%,0.3%,0.3%,71.4%,65.4%,65.4%,65.5%,0.0%,0.4%,0.4%,0.4%,42.9%,59.8%,59.8%,59.4%,0.0%,0.4%,0.4%,0.4%,14.3%,57.5%,57.5%,56.3%,0.0%,0.4%,0.4%,0.4%,0.0%,55.5%,55.5%,54.0%,0.0%,0.4%,0.4%,0.4%,0.0%,52.0%,52.0%,50.6%,0.0%,0.4%,0.4%,0.4%,0.0%,50.8%,50.8%,49.4%,0.0%,0.4%,0.4%,0.4%,0.0%,50.8%,50.8%,49.4%,0.0%,0.4%,0.4%,0.4%,0.0%,50.0%,50.0%,48.7%,0.0%,0.5%,0.5%,0.5%,0.0%,47.6%,47.6%,46.4%,0.0%,0.6%,0.6%,0.6%,0.0%,47.2%,47.2%,46.0%,0.0%,0.6%,0.6%,0.6%,0.0%,44.1%,44.1%,42.9%,0.0%,0.7%,0.7%,0.7%,0.0%,41.7%,41.7%,40.6%,0.0%,0.8%,0.8%,0.8%,0.0%,39.4%,39.4%,38.3%,0.0%,1.1%,1.1%,1.1%,0.0%,36.6%,36.6%,35.6%,0.0%,1.4%,1.4%,1.4%,0.0%,30.7%,30.7%,29.9%,0.0%,1.7%,1.7%,1.7%
nose,70.4%,66.4%,56.1%,68.3%,2.7%,0.9%,0.5%,3.2%,46.1%,51.5%,38.8%,44.8%,7.5%,2.8%,1.5%,9.0%,32.6%,41.0%,30.6%,32.3%,9.7%,4.1%,2.2%,12.0%,26.1%,37.3%,27.6%,26.5%,12.0%,5.8%,3.1%,15.1%,18.8%,25.4%,18.4%,18.8%,13.7%,6.2%,3.3%,17.0%,16.5%,20.9%,13.3%,16.0%,18.4%,7.8%,3.6%,22.1%,13.5%,17.2%,9.2%,12.7%,20.6%,8.8%,3.4%,24.0%,11.0%,15.7%,9.2%,10.7%,23.9%,11.4%,4.9%,28.8%,9.8%,14.9%,9.2%,9.7%,27.1%,13.9%,6.3%,33.3%,8.3%,14.2%,9.2%,8.5%,30.0%,17.3%,8.2%,38.2%,6.3%,10.4%,7.1%,6.5%,30.5%,17.1%,8.5%,39.0%,5.3%,9.0%,6.1%,5.5%,30.9%,17.6%,8.8%,39.7%,3.8%,6.7%,4.1%,3.8%,30.0%,18.0%,8.0%,38.0%,3.8%,5.2%,2.0%,3.4%,37.5%,17.5%,5.0%,42.5%,3.3%,2.2%,0.0%,2.6%,43.3%,10.0%,0.0%,43.3%,2.8%,2.2%,0.0%,2.2%,42.3%,11.5%,0.0%,42.3%,2.0%,0.7%,0.0%,1.6%,44.4%,5.6%,0.0%,44.4%,1.8%,0.7%,0.0%,1.4%,50.0%,7.1%,0.0%,50.0%,1.8%,0.7%,0.0%,1.4%,50.0%,7.1%,0.0%,50.0%,1.0%,0.7%,0.0%,0.8%,50.0%,12.5%,0.0%,50.0%
offlineimap,83.6%,85.6%,83.1%,83.4%,8.0%,6.8%,5.3%,13.2%,58.6%,80.4%,80.5%,67.4%,7.9%,9.1%,7.2%,15.2%,46.6%,76.3%,75.3%,58.0%,7.6%,10.5%,8.2%,15.8%,40.5%,72.2%,70.1%,52.3%,8.3%,12.3%,9.5%,17.8%,32.8%,60.8%,58.4%,43.0%,8.8%,13.7%,10.4%,19.2%,30.2%,57.7%,54.5%,39.9%,9.9%,15.9%,11.9%,21.9%,27.6%,48.5%,44.2%,34.2%,11.5%,16.9%,12.2%,23.7%,23.3%,41.2%,39.0%,29.5%,11.3%,16.8%,12.6%,23.9%,22.4%,36.1%,32.5%,26.4%,13.0%,17.5%,12.5%,25.5%,19.0%,33.0%,31.2%,23.8%,12.5%,18.2%,13.6%,26.1%,18.1%,28.9%,27.3%,21.8%,13.6%,18.2%,13.6%,27.3%,17.2%,26.8%,26.0%,20.7%,15.4%,20.0%,15.4%,30.8%,16.4%,25.8%,24.7%,19.7%,17.0%,22.3%,17.0%,33.9%,16.4%,21.6%,19.5%,17.6%,19.4%,21.4%,15.3%,34.7%,14.7%,21.6%,19.5%,16.6%,21.3%,26.3%,18.8%,40.0%,13.8%,20.6%,18.2%,15.5%,22.2%,27.8%,19.4%,41.7%,12.9%,19.6%,16.9%,14.5%,22.7%,28.8%,19.7%,42.4%,10.3%,17.5%,15.6%,12.4%,20.7%,29.3%,20.7%,41.4%,10.3%,15.5%,13.0%,11.4%,23.1%,28.8%,19.2%,42.3%,6.9%,11.3%,11.7%,8.8%,19.0%,26.2%,21.4%,40.5%
pandas,74.0%,69.4%,69.3%,72.1%,0.1%,0.7%,0.7%,0.8%,59.2%,51.9%,51.7%,54.3%,0.1%,1.1%,1.1%,1.3%,42.6%,41.8%,41.6%,43.3%,0.2%,1.4%,1.4%,1.7%,29.0%,33.6%,33.5%,34.5%,0.2%,1.7%,1.7%,1.9%,21.3%,27.9%,27.7%,28.2%,0.2%,1.8%,1.8%,2.1%,17.8%,23.8%,23.6%,24.1%,0.2%,2.1%,2.1%,2.4%,12.4%,20.8%,20.7%,20.8%,0.2%,2.5%,2.4%,2.7%,11.8%,18.7%,18.5%,18.7%,0.2%,3.0%,2.9%,3.3%,10.7%,17.4%,17.2%,17.3%,0.3%,3.6%,3.6%,4.0%,9.5%,15.6%,15.5%,15.6%,0.3%,4.2%,4.1%,4.6%,9.5%,13.7%,13.5%,13.7%,0.4%,4.7%,4.6%,5.2%,8.9%,12.6%,12.5%,12.7%,0.4%,5.4%,5.3%,6.1%,8.3%,11.6%,11.4%,11.7%,0.5%,6.1%,6.0%,6.9%,7.7%,10.5%,10.4%,10.7%,0.6%,6.9%,6.8%,7.8%,7.1%,9.6%,9.5%,9.8%,0.7%,7.7%,7.6%,8.7%,7.1%,9.0%,8.9%,9.2%,0.8%,8.5%,8.3%,9.7%,5.9%,7.8%,7.7%,8.1%,0.8%,8.7%,8.5%,10.0%,5.3%,7.5%,7.4%,7.8%,0.8%,9.6%,9.4%,11.0%,4.7%,7.0%,6.9%,7.2%,0.8%,10.6%,10.4%,12.1%,4.7%,6.8%,6.7%,7.0%,1.0%,12.2%,11.9%,13.9%
picard,87.8%,94.7%,93.6%,89.6%,2.4%,1.5%,1.1%,3.5%,74.4%,79.6%,75.5%,74.8%,4.0%,2.5%,1.8%,5.8%,59.0%,68.4%,63.6%,60.4%,5.0%,3.4%,2.4%,7.4%,48.9%,59.6%,53.6%,50.4%,5.6%,4.0%,2.8%,8.4%,43.1%,52.3%,45.9%,44.0%,6.9%,4.9%,3.3%,10.2%,36.9%,46.0%,38.6%,37.4%,8.0%,5.9%,3.8%,11.9%,32.2%,42.1%,35.0%,33.0%,9.4%,7.2%,4.6%,14.0%,28.5%,38.2%,30.0%,28.9%,11.4%,9.0%,5.5%,16.9%,24.5%,34.4%,26.4%,25.1%,12.9%,10.6%,6.3%,19.1%,21.9%,31.9%,23.2%,22.3%,15.8%,13.6%,7.6%,23.4%,19.4%,28.8%,20.5%,19.7%,17.8%,15.5%,8.5%,26.3%,18.6%,27.4%,19.1%,18.7%,20.3%,17.6%,9.5%,29.7%,15.9%,24.2%,15.9%,15.9%,21.4%,19.2%,9.7%,31.1%,14.4%,23.2%,14.5%,14.5%,22.6%,21.3%,10.3%,32.9%,13.8%,22.8%,14.1%,13.9%,24.5%,23.7%,11.3%,35.8%,13.4%,22.1%,13.2%,13.3%,27.5%,26.7%,12.3%,39.8%,11.8%,21.1%,12.7%,12.1%,27.7%,29.1%,13.6%,41.3%,10.5%,19.6%,11.8%,10.9%,27.7%,30.4%,14.1%,41.8%,9.9%,18.9%,10.9%,10.2%,30.0%,33.8%,15.0%,45.0%,9.3%,17.9%,10.9%,9.8%,30.0%,34.0%,16.0%,46.0%
pip,99.4%,75.5%,72.1%,91.7%,0.7%,0.5%,0.4%,1.2%,59.9%,41.4%,35.5%,49.4%,3.6%,2.2%,1.7%,5.3%,26.1%,30.2%,26.6%,26.3%,3.9%,4.0%,3.1%,6.9%,13.0%,20.0%,18.3%,15.3%,3.7%,5.0%,4.0%,7.7%,6.6%,14.3%,12.5%,9.2%,2.9%,5.5%,4.2%,7.1%,5.0%,12.7%,11.5%,7.8%,2.9%,6.6%,5.2%,8.1%,4.4%,10.0%,8.9%,6.3%,3.6%,7.2%,5.5%,9.1%,2.8%,7.3%,6.0%,4.2%,3.1%,7.0%,5.1%,8.1%,2.2%,5.7%,4.7%,3.3%,3.3%,7.4%,5.3%,8.6%,1.6%,4.3%,3.9%,2.6%,3.2%,7.5%,6.0%,9.1%,1.2%,3.4%,3.1%,2.0%,3.3%,8.2%,6.6%,9.9%,0.6%,3.2%,3.1%,1.7%,2.1%,10.0%,8.6%,10.7%,0.4%,2.5%,2.3%,1.2%,1.8%,10.0%,8.2%,10.0%,0.4%,2.3%,2.1%,1.1%,2.1%,10.4%,8.3%,10.4%,0.2%,1.6%,1.6%,0.8%,1.5%,10.3%,8.8%,10.3%,0.2%,1.6%,1.6%,0.8%,1.7%,11.7%,10.0%,11.7%,0.2%,0.9%,0.8%,0.5%,2.4%,9.5%,7.1%,9.5%,0.2%,0.7%,0.5%,0.3%,2.8%,8.3%,5.6%,8.3%,0.2%,0.7%,0.5%,0.3%,3.6%,10.7%,7.1%,10.7%,0.2%,0.7%,0.5%,0.3%,4.5%,13.6%,9.1%,13.6%
pitivi,92.6%,91.2%,88.3%,90.7%,5.3%,5.8%,4.1%,9.5%,86.2%,80.7%,75.9%,81.6%,6.2%,6.4%,4.5%,10.6%,81.8%,76.2%,71.8%,77.3%,8.1%,8.4%,5.8%,14.0%,76.0%,68.2%,62.4%,69.9%,11.0%,11.0%,7.4%,18.3%,68.3%,60.8%,55.3%,62.4%,12.2%,12.1%,8.1%,20.3%,60.3%,52.8%,47.0%,54.3%,13.0%,12.7%,8.3%,21.4%,54.2%,48.6%,43.2%,49.2%,14.6%,14.6%,9.6%,24.2%,49.8%,47.0%,42.1%,46.4%,15.7%,16.4%,10.8%,26.5%,43.7%,44.8%,40.6%,42.3%,16.5%,18.8%,12.6%,29.1%,38.2%,41.2%,38.3%,38.2%,17.1%,20.5%,14.0%,31.1%,32.6%,37.3%,34.2%,33.3%,18.1%,23.0%,15.5%,33.6%,27.1%,32.3%,30.8%,28.8%,18.6%,24.8%,17.4%,36.0%,24.0%,29.6%,27.4%,25.5%,19.6%,26.9%,18.3%,37.9%,20.9%,26.8%,24.4%,22.5%,20.5%,29.2%,19.6%,40.1%,19.4%,26.2%,24.1%,21.5%,20.7%,31.3%,21.1%,41.8%,16.9%,25.1%,22.9%,19.6%,21.0%,34.7%,23.3%,44.3%,15.1%,22.7%,21.1%,17.8%,21.3%,35.7%,24.3%,45.7%,14.2%,22.4%,20.7%,17.1%,21.3%,37.5%,25.5%,46.8%,12.9%,21.0%,18.8%,15.6%,21.6%,39.2%,25.8%,47.4%,12.0%,19.3%,17.3%,14.4%,22.7%,40.7%,26.7%,49.4%
pitivi-pitivi,93.1%,91.2%,88.0%,90.9%,5.5%,5.8%,4.0%,9.5%,86.8%,80.7%,75.3%,81.8%,6.4%,6.4%,4.3%,10.7%,82.6%,76.2%,71.0%,77.5%,8.4%,8.4%,5.6%,14.0%,76.6%,68.2%,61.4%,69.9%,11.3%,11.0%,7.1%,18.4%,69.1%,60.8%,54.1%,62.5%,12.6%,12.1%,7.7%,20.3%,61.3%,52.8%,45.9%,54.6%,13.6%,12.7%,7.9%,21.5%,54.7%,48.6%,42.5%,49.3%,15.1%,14.6%,9.1%,24.3%,50.5%,47.0%,41.3%,46.5%,16.2%,16.4%,10.3%,26.6%,44.7%,44.8%,39.8%,42.6%,17.3%,18.8%,12.0%,29.3%,38.7%,41.2%,37.5%,38.2%,17.8%,20.5%,13.4%,31.1%,32.4%,37.3%,34.0%,33.1%,18.4%,23.0%,15.0%,33.4%,27.3%,32.3%,30.5%,28.7%,19.3%,24.8%,16.7%,36.0%,23.4%,29.6%,27.8%,25.3%,19.6%,26.9%,18.1%,37.7%,20.4%,26.8%,24.7%,22.3%,20.5%,29.2%,19.3%,39.8%,18.9%,26.2%,24.3%,21.3%,20.7%,31.3%,20.7%,41.4%,16.5%,25.1%,23.2%,19.4%,21.0%,34.7%,22.9%,43.9%,14.7%,22.7%,21.2%,17.6%,21.3%,35.7%,23.9%,45.2%,13.8%,22.4%,20.8%,16.9%,21.3%,37.5%,25.0%,46.3%,12.6%,21.0%,18.9%,15.4%,21.6%,39.2%,25.3%,46.9%,11.4%,18.8%,17.0%,13.9%,22.4%,40.0%,25.9%,48.2%
poky,44.0%,38.5%,30.4%,40.6%,5.0%,2.7%,1.6%,6.6%,30.9%,27.8%,20.5%,28.3%,9.3%,5.3%,2.8%,12.4%,21.1%,21.3%,14.5%,19.4%,14.0%,8.9%,4.4%,18.6%,17.5%,18.5%,12.3%,16.2%,17.0%,11.4%,5.5%,22.8%,15.1%,16.3%,10.9%,13.8%,18.9%,13.0%,6.3%,25.3%,13.6%,14.6%,9.5%,12.4%,20.0%,13.6%,6.4%,26.6%,12.3%,13.1%,8.2%,11.1%,20.7%,14.0%,6.4%,27.3%,11.3%,12.1%,7.4%,10.2%,21.8%,14.8%,6.6%,28.6%,10.0%,10.5%,6.4%,9.0%,21.6%,14.4%,6.4%,28.2%,9.1%,9.3%,5.8%,8.1%,22.4%,14.5%,6.6%,29.0%,8.5%,8.2%,4.8%,7.4%,23.8%,14.5%,6.2%,30.1%,7.6%,7.3%,4.2%,6.5%,24.7%,15.1%,6.3%,31.0%,6.5%,6.3%,3.8%,5.7%,25.4%,15.6%,6.9%,32.2%,6.1%,6.0%,3.6%,5.3%,26.4%,16.4%,7.2%,33.6%,5.6%,5.1%,2.8%,4.8%,28.5%,16.4%,6.5%,35.0%,4.6%,4.1%,2.2%,3.9%,29.8%,16.7%,6.5%,36.3%,4.0%,3.9%,2.2%,3.4%,31.6%,19.9%,8.1%,39.7%,3.3%,3.2%,1.6%,2.8%,31.6%,19.3%,7.0%,38.6%,3.0%,2.9%,1.4%,2.5%,34.4%,20.8%,7.3%,41.7%,2.5%,2.6%,1.2%,2.1%,32.9%,22.0%,7.3%,40.2%
PyChecker,66.9%,49.2%,35.6%,59.5%,8.9%,2.8%,1.5%,10.4%,40.0%,34.4%,24.4%,36.3%,20.0%,7.2%,3.8%,23.8%,26.2%,26.2%,20.0%,24.7%,22.9%,9.6%,5.4%,28.3%,20.7%,19.7%,11.1%,18.4%,26.8%,10.7%,4.5%,31.3%,14.5%,13.1%,8.9%,13.2%,27.6%,10.5%,5.3%,32.9%,9.0%,13.1%,8.9%,8.9%,25.0%,15.4%,7.7%,32.7%,8.3%,13.1%,8.9%,8.4%,28.6%,19.0%,9.5%,38.1%,7.6%,13.1%,8.9%,7.9%,30.6%,22.2%,11.1%,41.7%,6.2%,13.1%,8.9%,6.8%,32.1%,28.6%,14.3%,46.4%,6.2%,13.1%,8.9%,6.8%,32.1%,28.6%,14.3%,46.4%,4.8%,9.8%,8.9%,5.8%,31.8%,27.3%,18.2%,50.0%,4.1%,8.2%,8.9%,5.3%,30.0%,25.0%,20.0%,50.0%,4.1%,8.2%,8.9%,5.3%,30.0%,25.0%,20.0%,50.0%,4.1%,8.2%,8.9%,5.3%,30.0%,25.0%,20.0%,50.0%,3.4%,6.6%,6.7%,4.2%,31.3%,25.0%,18.8%,50.0%,2.1%,4.9%,4.4%,2.6%,25.0%,25.0%,16.7%,41.7%,2.1%,4.9%,4.4%,2.6%,25.0%,25.0%,16.7%,41.7%,2.1%,4.9%,4.4%,2.6%,25.0%,25.0%,16.7%,41.7%,2.1%,4.9%,4.4%,2.6%,25.0%,25.0%,16.7%,41.7%,2.1%,4.9%,4.4%,2.6%,25.0%,25.0%,16.7%,41.7%
pygments-main,87.5%,92.3%,92.2%,93.1%,0.0%,0.3%,0.3%,0.3%,62.5%,80.8%,80.6%,80.9%,0.0%,0.4%,0.4%,0.4%,25.0%,34.1%,33.9%,34.6%,0.0%,0.5%,0.5%,0.5%,0.0%,25.3%,25.6%,25.5%,0.0%,0.5%,0.5%,0.6%,0.0%,20.3%,20.6%,20.7%,0.0%,0.5%,0.5%,0.6%,0.0%,18.1%,18.3%,18.1%,0.0%,0.6%,0.6%,0.6%,0.0%,15.9%,16.1%,15.4%,0.0%,0.5%,0.5%,0.5%,0.0%,14.3%,14.4%,13.8%,0.0%,0.5%,0.5%,0.5%,0.0%,11.0%,11.1%,10.6%,0.0%,0.6%,0.6%,0.6%,0.0%,9.3%,9.4%,9.0%,0.0%,0.6%,0.6%,0.6%,0.0%,7.7%,7.8%,7.4%,0.0%,0.6%,0.6%,0.6%,0.0%,7.1%,7.2%,6.9%,0.0%,0.7%,0.7%,0.7%,0.0%,6.0%,6.1%,5.9%,0.0%,1.0%,1.0%,1.0%,0.0%,5.5%,5.6%,5.3%,0.0%,1.2%,1.2%,1.2%,0.0%,4.4%,4.4%,4.3%,0.0%,1.4%,1.4%,1.4%,0.0%,3.8%,3.9%,3.7%,0.0%,1.8%,1.8%,1.8%,0.0%,2.7%,2.8%,2.7%,0.0%,1.8%,1.8%,1.8%,0.0%,2.2%,2.2%,2.1%,0.0%,1.9%,1.9%,1.9%,0.0%,2.2%,2.2%,2.1%,0.0%,2.5%,2.5%,2.5%,0.0%,1.6%,1.7%,1.6%,0.0%,2.2%,2.2%,2.2%
pylint,86.1%,55.3%,50.8%,80.2%,0.3%,0.2%,0.1%,0.5%,66.3%,42.9%,40.2%,63.7%,1.2%,0.6%,0.5%,1.8%,62.2%,41.0%,38.6%,60.5%,1.9%,0.9%,0.8%,3.0%,59.5%,39.6%,37.0%,58.2%,2.2%,1.1%,0.9%,3.5%,57.8%,38.2%,35.4%,56.1%,2.5%,1.2%,1.0%,3.9%,53.4%,31.8%,29.1%,50.2%,2.9%,1.3%,1.0%,4.3%,44.2%,24.4%,21.2%,40.7%,3.3%,1.3%,1.0%,4.9%,33.3%,18.0%,14.3%,30.8%,4.4%,1.7%,1.2%,6.5%,22.8%,14.3%,11.6%,22.2%,5.1%,2.3%,1.7%,7.9%,16.0%,10.6%,8.5%,15.0%,6.1%,3.0%,2.1%,9.3%,12.6%,7.8%,5.8%,11.2%,7.8%,3.6%,2.3%,11.2%,8.5%,7.8%,5.8%,8.4%,8.7%,5.9%,3.8%,14.0%,7.1%,6.0%,4.2%,6.3%,9.8%,6.1%,3.7%,14.0%,7.1%,5.1%,3.2%,5.7%,12.7%,6.6%,3.6%,16.3%,6.8%,3.7%,1.6%,4.9%,14.5%,5.8%,2.2%,16.7%,5.1%,2.3%,1.1%,3.6%,13.9%,4.6%,1.9%,15.7%,4.4%,1.8%,0.5%,3.0%,14.8%,4.5%,1.1%,15.9%,3.7%,1.8%,0.5%,2.5%,17.7%,6.5%,1.6%,19.4%,2.7%,1.4%,0.5%,1.9%,15.4%,5.8%,1.9%,17.3%,2.7%,1.4%,0.5%,1.9%,19.0%,7.1%,2.4%,21.4%
pyramid,71.5%,15.4%,15.0%,68.3%,1.7%,0.2%,0.2%,2.3%,37.7%,15.0%,14.8%,37.1%,2.0%,0.4%,0.4%,2.7%,16.6%,12.6%,12.6%,17.9%,3.2%,1.1%,1.1%,4.7%,5.7%,6.7%,6.7%,6.8%,3.5%,1.8%,1.8%,5.8%,2.0%,1.7%,1.7%,2.2%,2.3%,0.8%,0.8%,3.3%,0.5%,0.5%,0.5%,0.5%,0.8%,0.3%,0.3%,1.2%,0.2%,0.0%,0.0%,0.2%,0.6%,0.0%,0.0%,0.6%,0.0%,0.0%,0.0%,0.0%,0.0%,0.0%,0.0%,0.0%,0.0%,0.0%,0.0%,0.0%,0.0%,0.0%,0.0%,0.0%,0.0%,0.0%,0.0%,0.0%,0.0%,0.0%,0.0%,0.0%,0.0%,0.0%,0.0%,0.0%,0.0%,0.0%,0.0%,0.0%,0.0%,0.0%,0.0%,0.0%,0.0%,0.0%,0.0%,0.0%,0.0%,0.0%,0.0%,0.0%,0.0%,0.0%,0.0%,0.0%,0.0%,0.0%,0.0%,0.0%,0.0%,0.0%,0.0%,0.0%,0.0%,0.0%,0.0%,0.0%,0.0%,0.0%,0.0%,0.0%,0.0%,0.0%,0.0%,0.0%,0.0%,0.0%,0.0%,0.0%,0.0%,0.0%,0.0%,0.0%,0.0%,0.0%,0.0%,0.0%,0.0%,0.0%,0.0%,0.0%,0.0%,0.0%,0.0%,0.0%,0.0%,0.0%,0.0%,0.0%,0.0%,0.0%,0.0%,0.0%,0.0%,0.0%,0.0%,0.0%,0.0%,0.0%,0.0%,0.0%
pyspider,84.8%,76.8%,72.5%,81.6%,3.5%,1.5%,1.0%,4.5%,73.1%,67.4%,60.9%,69.9%,5.2%,2.3%,1.5%,6.7%,44.7%,46.3%,39.1%,43.2%,7.2%,3.6%,2.2%,9.4%,29.4%,28.4%,18.8%,26.7%,9.4%,4.4%,2.1%,11.5%,19.8%,25.3%,17.4%,19.2%,12.0%,7.4%,3.7%,15.6%,13.7%,23.2%,15.9%,14.3%,13.9%,11.3%,5.7%,19.6%,11.7%,20.0%,13.0%,12.0%,16.9%,14.0%,6.6%,23.5%,10.2%,16.8%,10.1%,10.2%,18.9%,15.1%,6.6%,25.5%,8.6%,13.7%,5.8%,7.9%,23.0%,17.6%,5.4%,28.4%,6.1%,9.5%,4.3%,5.6%,24.0%,18.0%,6.0%,30.0%,4.6%,7.4%,2.9%,4.1%,25.0%,19.4%,5.6%,30.6%,4.1%,6.3%,2.9%,3.8%,28.6%,21.4%,7.1%,35.7%,3.6%,6.3%,2.9%,3.4%,26.9%,23.1%,7.7%,34.6%,2.5%,6.3%,2.9%,2.6%,22.7%,27.3%,9.1%,31.8%,2.0%,4.2%,1.4%,1.9%,25.0%,25.0%,6.3%,31.3%,2.0%,4.2%,1.4%,1.9%,25.0%,25.0%,6.3%,31.3%,1.5%,3.2%,0.0%,1.1%,30.0%,30.0%,0.0%,30.0%,1.5%,3.2%,0.0%,1.1%,30.0%,30.0%,0.0%,30.0%,1.0%,2.1%,0.0%,0.8%,33.3%,33.3%,0.0%,33.3%,1.0%,2.1%,0.0%,0.8%,50.0%,50.0%,0.0%,50.0%
pytest,84.1%,58.5%,52.9%,83.0%,1.7%,1.6%,1.3%,3.5%,52.8%,29.4%,25.3%,45.5%,2.9%,2.2%,1.6%,5.2%,26.0%,13.1%,10.7%,20.5%,2.6%,1.8%,1.3%,4.3%,15.4%,7.7%,5.9%,12.0%,2.1%,1.4%,0.9%,3.4%,9.3%,4.2%,2.8%,6.8%,1.5%,0.9%,0.5%,2.3%,6.1%,3.9%,2.8%,4.8%,1.2%,1.0%,0.6%,2.0%,3.7%,3.3%,2.8%,3.7%,0.9%,1.0%,0.8%,1.8%,1.6%,2.1%,2.1%,2.1%,0.5%,0.8%,0.7%,1.3%,0.8%,0.9%,1.0%,1.0%,0.3%,0.4%,0.4%,0.7%,0.8%,0.9%,1.0%,1.0%,0.4%,0.5%,0.5%,0.9%,0.8%,0.9%,1.0%,1.0%,0.5%,0.7%,0.7%,1.2%,0.8%,0.9%,1.0%,1.0%,0.6%,0.9%,0.9%,1.5%,0.8%,0.9%,1.0%,1.0%,0.7%,1.1%,1.1%,1.8%,0.8%,0.9%,1.0%,1.0%,0.9%,1.3%,1.3%,2.2%,0.8%,0.9%,1.0%,1.0%,1.1%,1.7%,1.7%,2.8%,0.8%,0.9%,1.0%,1.0%,1.4%,2.0%,2.0%,3.4%,0.8%,0.9%,1.0%,1.0%,1.8%,2.7%,2.7%,4.5%,0.8%,0.9%,1.0%,1.0%,2.1%,3.1%,3.1%,5.2%,0.8%,0.9%,1.0%,1.0%,2.9%,4.3%,4.3%,7.1%,0.4%,0.6%,0.7%,0.6%,2.1%,4.2%,4.2%,6.3%
pythondotorg,77.7%,74.7%,58.3%,74.7%,2.3%,0.7%,0.3%,2.6%,44.2%,45.8%,29.2%,41.9%,6.5%,2.1%,0.8%,7.3%,28.8%,33.7%,18.8%,27.3%,11.5%,4.3%,1.4%,12.8%,20.0%,26.5%,12.5%,18.8%,12.9%,5.4%,1.5%,14.4%,15.4%,22.9%,10.4%,14.6%,13.3%,6.3%,1.7%,15.0%,10.8%,14.5%,6.3%,10.1%,19.2%,8.2%,2.1%,21.2%,9.6%,12.0%,4.2%,8.8%,21.9%,8.8%,1.8%,23.7%,6.5%,7.2%,0.0%,5.5%,32.7%,11.5%,0.0%,32.7%,5.0%,7.2%,0.0%,4.2%,36.1%,16.7%,0.0%,36.1%,3.5%,6.0%,0.0%,2.9%,37.5%,20.8%,0.0%,37.5%,1.9%,4.8%,0.0%,1.6%,31.3%,25.0%,0.0%,31.3%,1.5%,3.6%,0.0%,1.3%,28.6%,21.4%,0.0%,28.6%,1.5%,3.6%,0.0%,1.3%,33.3%,25.0%,0.0%,33.3%,1.2%,3.6%,0.0%,1.0%,30.0%,30.0%,0.0%,30.0%,0.8%,2.4%,0.0%,0.6%,25.0%,25.0%,0.0%,25.0%,0.8%,2.4%,0.0%,0.6%,25.0%,25.0%,0.0%,25.0%,0.8%,2.4%,0.0%,0.6%,25.0%,25.0%,0.0%,25.0%,0.8%,2.4%,0.0%,0.6%,25.0%,25.0%,0.0%,25.0%,0.4%,1.2%,0.0%,0.3%,25.0%,25.0%,0.0%,25.0%,0.4%,1.2%,0.0%,0.3%,25.0%,25.0%,0.0%,25.0%
pywikibot,98.9%,99.1%,99.0%,99.0%,0.8%,0.7%,0.5%,1.3%,97.3%,98.4%,98.3%,97.7%,0.9%,0.8%,0.6%,1.5%,93.6%,96.0%,95.4%,94.3%,1.0%,0.9%,0.7%,1.7%,87.6%,93.1%,91.8%,89.2%,1.3%,1.2%,0.9%,2.2%,78.5%,88.5%,86.7%,81.7%,1.8%,1.8%,1.3%,3.1%,69.0%,80.0%,77.8%,72.5%,2.4%,2.4%,1.8%,4.1%,58.0%,73.1%,71.0%,63.1%,2.8%,3.1%,2.2%,5.0%,46.9%,64.7%,64.0%,53.6%,3.0%,3.5%,2.6%,5.6%,39.5%,58.2%,57.0%,46.4%,3.1%,3.9%,2.9%,6.0%,33.8%,51.8%,50.5%,40.4%,3.2%,4.2%,3.1%,6.3%,29.9%,46.0%,44.4%,35.6%,3.4%,4.5%,3.3%,6.7%,25.3%,42.5%,41.3%,31.6%,3.5%,5.1%,3.7%,7.2%,23.0%,37.6%,36.0%,28.1%,3.9%,5.5%,3.9%,7.8%,21.1%,34.5%,32.6%,25.6%,4.5%,6.3%,4.5%,9.0%,18.9%,30.5%,28.0%,22.5%,5.0%,7.0%,4.8%,9.8%,17.0%,27.6%,25.8%,20.5%,5.7%,8.0%,5.6%,11.3%,15.6%,24.9%,22.7%,18.4%,6.4%,8.8%,6.1%,12.4%,13.8%,22.9%,20.5%,16.5%,7.0%,10.0%,6.7%,13.7%,11.9%,19.8%,18.1%,14.4%,7.4%,10.6%,7.3%,14.7%,10.7%,18.5%,16.7%,13.0%,7.9%,11.8%,8.0%,15.8%
ranger,87.7%,87.1%,85.3%,86.5%,2.5%,2.8%,2.2%,4.7%,86.3%,86.7%,84.8%,85.6%,2.5%,2.8%,2.2%,4.7%,86.3%,86.7%,84.8%,85.6%,2.7%,3.0%,2.3%,5.0%,85.9%,86.7%,84.8%,85.4%,3.1%,3.5%,2.7%,5.8%,83.3%,85.2%,83.3%,83.3%,3.9%,4.5%,3.5%,7.4%,80.6%,84.0%,81.9%,81.2%,4.4%,5.1%,4.0%,8.3%,72.7%,78.1%,75.5%,74.0%,4.5%,5.4%,4.2%,8.7%,70.0%,75.0%,71.6%,70.8%,4.8%,5.8%,4.4%,9.2%,65.6%,72.7%,69.1%,67.3%,4.8%,6.0%,4.6%,9.4%,63.0%,70.3%,66.7%,64.7%,5.0%,6.3%,4.7%,9.7%,59.9%,66.8%,63.2%,61.5%,5.2%,6.6%,4.9%,10.2%,57.3%,64.5%,60.8%,58.9%,5.8%,7.4%,5.6%,11.4%,52.9%,59.4%,55.4%,54.1%,6.4%,8.1%,6.0%,12.4%,46.3%,55.9%,51.5%,48.7%,6.9%,9.4%,6.9%,13.8%,41.9%,53.5%,49.0%,45.2%,7.8%,11.2%,8.2%,16.0%,37.0%,48.4%,43.1%,39.9%,8.8%,13.0%,9.2%,18.1%,33.0%,45.3%,39.7%,36.2%,10.1%,15.7%,10.9%,21.1%,29.5%,41.8%,35.3%,32.3%,11.8%,18.9%,12.7%,24.6%,26.0%,39.1%,33.3%,29.5%,13.2%,22.3%,15.2%,28.3%,21.6%,34.8%,30.4%,25.8%,14.2%,25.7%,17.9%,32.1%
reviewboard,66.4%,60.4%,58.1%,64.6%,2.4%,0.9%,0.6%,3.0%,45.6%,44.1%,42.8%,45.0%,2.4%,1.0%,0.6%,3.0%,33.5%,31.3%,30.3%,32.8%,4.8%,1.9%,1.2%,6.0%,23.8%,24.6%,23.7%,23.7%,6.2%,2.7%,1.7%,7.9%,16.8%,18.6%,16.7%,16.8%,6.9%,3.2%,1.9%,8.8%,12.5%,13.7%,12.5%,12.5%,7.5%,3.5%,2.1%,9.6%,9.5%,11.3%,10.4%,9.7%,7.6%,3.8%,2.3%,9.9%,7.4%,9.9%,9.0%,7.8%,7.3%,4.1%,2.5%,9.8%,5.7%,8.5%,7.7%,6.1%,6.7%,4.2%,2.5%,9.3%,4.1%,6.9%,6.2%,4.5%,6.0%,4.3%,2.5%,8.6%,3.2%,5.2%,4.2%,3.4%,6.0%,4.1%,2.2%,8.2%,2.7%,3.8%,3.2%,2.8%,6.6%,3.9%,2.1%,8.8%,2.4%,3.3%,2.6%,2.4%,8.5%,4.9%,2.5%,11.1%,1.9%,2.5%,1.8%,1.9%,10.1%,5.5%,2.6%,12.7%,1.6%,1.9%,1.4%,1.5%,11.5%,5.9%,2.8%,14.3%,1.3%,1.8%,1.2%,1.3%,14.4%,8.1%,3.6%,18.0%,1.0%,1.3%,0.9%,1.0%,14.3%,7.7%,3.6%,17.9%,0.9%,1.3%,0.9%,0.9%,19.3%,11.4%,5.3%,24.6%,0.8%,1.1%,0.8%,0.8%,20.5%,12.5%,5.7%,26.1%,0.7%,1.0%,0.8%,0.7%,25.8%,15.2%,7.6%,33.3%
sage,73.3%,76.5%,70.1%,72.9%,1.0%,0.3%,0.2%,1.2%,55.7%,64.4%,55.9%,55.7%,2.0%,0.5%,0.3%,2.4%,43.1%,56.3%,47.2%,43.7%,3.3%,1.0%,0.6%,3.9%,34.3%,48.8%,39.3%,35.0%,5.0%,1.6%,0.9%,5.9%,28.1%,42.9%,33.3%,28.8%,6.9%,2.4%,1.3%,8.3%,23.4%,38.1%,29.0%,24.2%,9.1%,3.4%,1.8%,10.9%,19.9%,34.0%,25.1%,20.6%,11.3%,4.5%,2.3%,13.7%,16.6%,30.1%,21.4%,17.3%,13.4%,5.6%,2.8%,16.2%,14.4%,27.3%,19.3%,15.1%,15.7%,6.9%,3.4%,19.1%,12.4%,24.2%,16.5%,13.0%,17.8%,8.0%,3.8%,21.6%,11.0%,21.7%,14.3%,11.5%,20.4%,9.2%,4.3%,24.7%,9.6%,19.3%,12.4%,10.0%,22.4%,10.4%,4.7%,27.1%,8.5%,17.5%,10.9%,8.8%,24.5%,11.6%,5.1%,29.6%,7.4%,15.7%,9.4%,7.7%,26.6%,12.9%,5.4%,32.0%,6.6%,14.5%,8.3%,6.9%,29.0%,14.5%,5.9%,34.9%,5.9%,13.0%,7.4%,6.1%,31.0%,15.7%,6.3%,37.3%,5.2%,11.4%,6.1%,5.3%,33.2%,16.8%,6.3%,39.5%,4.7%,10.4%,5.4%,4.8%,35.7%,18.1%,6.6%,42.4%,4.2%,9.5%,4.9%,4.3%,37.8%,19.6%,7.1%,44.9%,3.7%,8.6%,4.3%,3.8%,39.2%,20.6%,7.3%,46.5%
scikit-image,62.5%,60.2%,41.0%,61.6%,2.1%,0.2%,0.1%,2.1%,37.9%,46.6%,32.8%,37.7%,3.1%,0.3%,0.1%,3.2%,23.4%,34.0%,14.8%,23.0%,6.4%,0.7%,0.2%,6.6%,13.6%,27.2%,13.1%,13.6%,9.6%,1.5%,0.4%,10.0%,9.4%,18.4%,8.2%,9.3%,13.5%,2.0%,0.5%,14.0%,7.1%,16.5%,8.2%,7.1%,20.4%,3.6%,1.1%,21.5%,5.8%,13.6%,4.9%,5.7%,28.3%,5.1%,1.1%,29.3%,4.9%,13.6%,4.9%,4.9%,31.1%,6.6%,1.4%,32.5%,3.6%,9.7%,1.6%,3.5%,35.0%,7.1%,0.7%,35.7%,3.2%,7.8%,1.6%,3.1%,39.1%,7.3%,0.9%,40.0%,2.7%,7.8%,1.6%,2.7%,39.4%,8.5%,1.1%,40.4%,2.3%,6.8%,1.6%,2.3%,39.7%,9.0%,1.3%,41.0%,2.1%,6.8%,1.6%,2.1%,43.8%,10.9%,1.6%,45.3%,1.8%,6.8%,1.6%,1.8%,44.4%,13.0%,1.9%,46.3%,1.6%,6.8%,1.6%,1.6%,45.7%,15.2%,2.2%,47.8%,1.5%,6.8%,1.6%,1.5%,45.5%,15.9%,2.3%,47.7%,1.2%,6.8%,1.6%,1.2%,47.1%,20.6%,2.9%,50.0%,1.0%,5.8%,1.6%,1.1%,50.0%,21.4%,3.6%,53.6%,1.0%,4.9%,1.6%,1.0%,50.0%,19.2%,3.8%,53.8%,0.9%,4.9%,1.6%,0.9%,50.0%,20.8%,4.2%,54.2%
scikit-learn,71.3%,62.6%,55.3%,70.0%,1.7%,0.2%,0.2%,1.9%,52.5%,43.7%,34.9%,50.7%,2.2%,0.3%,0.2%,2.3%,39.7%,34.1%,26.2%,38.3%,2.1%,0.3%,0.2%,2.3%,32.0%,30.0%,21.8%,30.9%,3.4%,0.5%,0.3%,3.7%,24.5%,25.0%,17.2%,23.8%,4.7%,0.7%,0.4%,5.0%,19.5%,21.5%,13.6%,18.9%,5.7%,1.0%,0.5%,6.2%,15.8%,19.1%,11.7%,15.3%,6.8%,1.2%,0.6%,7.4%,13.1%,16.5%,9.5%,12.7%,8.0%,1.5%,0.7%,8.7%,11.2%,15.9%,8.7%,10.9%,9.1%,1.9%,0.9%,10.0%,9.2%,14.1%,7.4%,9.0%,9.7%,2.2%,0.9%,10.7%,8.2%,12.8%,6.5%,8.0%,11.2%,2.6%,1.1%,12.2%,7.0%,11.1%,5.7%,6.9%,12.3%,2.9%,1.2%,13.5%,6.0%,9.1%,3.8%,5.7%,13.5%,3.1%,1.0%,14.5%,5.3%,8.7%,3.3%,5.1%,14.9%,3.6%,1.1%,16.0%,4.9%,8.5%,3.0%,4.7%,17.0%,4.4%,1.2%,18.3%,4.2%,7.6%,2.7%,4.0%,18.5%,5.0%,1.4%,20.0%,3.8%,7.2%,2.5%,3.7%,20.3%,5.7%,1.5%,21.8%,3.3%,5.4%,2.5%,3.2%,21.1%,5.2%,1.9%,23.0%,3.0%,5.0%,1.9%,2.9%,23.4%,5.8%,1.8%,25.1%,2.9%,5.0%,1.9%,2.8%,25.0%,6.5%,2.0%,27.0%
scipy,75.6%,63.3%,57.9%,71.3%,0.9%,0.3%,0.2%,1.1%,56.5%,55.2%,49.3%,54.8%,1.0%,0.4%,0.3%,1.3%,46.4%,46.8%,39.5%,44.8%,1.3%,0.5%,0.3%,1.6%,39.2%,40.6%,34.1%,38.0%,1.6%,0.7%,0.5%,2.1%,33.8%,35.9%,28.9%,32.6%,2.1%,0.9%,0.6%,2.7%,28.9%,30.7%,23.6%,27.6%,2.8%,1.2%,0.7%,3.5%,26.0%,27.0%,19.2%,24.3%,3.8%,1.5%,0.9%,4.6%,22.7%,24.4%,16.8%,21.3%,4.6%,2.0%,1.1%,5.7%,20.1%,20.9%,13.2%,18.4%,5.6%,2.3%,1.2%,6.7%,18.4%,18.0%,10.0%,16.4%,6.8%,2.6%,1.2%,8.0%,16.1%,16.5%,8.4%,14.2%,8.0%,3.2%,1.3%,9.3%,14.3%,14.9%,7.4%,12.7%,9.3%,3.8%,1.5%,10.8%,13.1%,13.1%,5.8%,11.3%,11.1%,4.3%,1.6%,12.6%,11.8%,12.3%,5.6%,10.3%,13.0%,5.3%,2.0%,14.9%,11.0%,10.5%,4.4%,9.4%,15.1%,5.7%,1.9%,17.0%,9.9%,10.2%,4.0%,8.5%,17.6%,7.1%,2.3%,19.9%,9.6%,9.5%,3.4%,8.1%,20.5%,8.0%,2.3%,22.8%,8.9%,9.4%,3.4%,7.6%,23.0%,9.5%,2.8%,25.8%,8.6%,9.2%,3.2%,7.3%,25.8%,10.9%,3.1%,28.8%,8.1%,8.7%,2.8%,6.8%,27.7%,11.8%,3.1%,30.8%
scrapy,58.9%,37.1%,29.4%,50.4%,3.0%,1.0%,0.6%,3.6%,29.4%,24.4%,16.9%,25.7%,5.9%,2.5%,1.4%,7.3%,13.4%,14.3%,7.3%,11.7%,7.3%,3.9%,1.6%,8.9%,7.9%,9.9%,5.4%,7.2%,8.5%,5.4%,2.4%,10.9%,5.8%,8.3%,4.5%,5.4%,12.4%,9.0%,4.0%,16.4%,4.3%,6.0%,3.2%,4.0%,14.3%,10.0%,4.3%,18.7%,3.2%,4.4%,1.9%,2.8%,16.9%,12.0%,4.2%,21.1%,2.2%,3.4%,1.6%,2.1%,15.7%,12.0%,4.6%,20.4%,2.1%,2.9%,1.0%,1.8%,21.6%,14.9%,4.1%,25.7%,1.1%,1.0%,0.6%,0.9%,19.0%,9.5%,4.8%,23.8%,0.9%,0.8%,0.6%,0.8%,25.0%,10.7%,7.1%,32.1%,0.8%,0.8%,0.6%,0.7%,27.3%,13.6%,9.1%,36.4%,0.3%,0.0%,0.0%,0.2%,20.0%,0.0%,0.0%,20.0%,0.3%,0.0%,0.0%,0.2%,25.0%,0.0%,0.0%,25.0%,0.3%,0.0%,0.0%,0.2%,25.0%,0.0%,0.0%,25.0%,0.3%,0.0%,0.0%,0.2%,25.0%,0.0%,0.0%,25.0%,0.3%,0.0%,0.0%,0.2%,33.3%,0.0%,0.0%,33.3%,0.1%,0.0%,0.0%,0.1%,25.0%,0.0%,0.0%,25.0%,0.1%,0.0%,0.0%,0.1%,25.0%,0.0%,0.0%,25.0%,0.1%,0.0%,0.0%,0.1%,50.0%,0.0%,0.0%,50.0%
sentry,50.2%,44.8%,38.5%,48.1%,1.0%,0.3%,0.2%,1.2%,27.6%,25.6%,21.6%,26.5%,2.9%,0.9%,0.6%,3.5%,15.7%,13.7%,9.0%,14.4%,4.1%,1.2%,0.6%,4.7%,10.6%,9.9%,6.1%,9.7%,5.6%,1.8%,0.8%,6.4%,7.5%,6.7%,4.0%,6.8%,10.4%,3.2%,1.4%,11.8%,5.6%,5.0%,3.0%,5.1%,12.4%,3.9%,1.7%,14.1%,4.1%,3.9%,2.5%,3.8%,14.0%,4.6%,2.1%,16.0%,3.2%,3.3%,1.9%,2.9%,15.8%,5.6%,2.3%,18.2%,2.4%,2.6%,1.3%,2.2%,17.7%,6.4%,2.3%,20.0%,1.9%,2.1%,0.9%,1.7%,18.9%,7.1%,2.3%,21.2%,1.6%,1.8%,0.6%,1.4%,20.4%,7.8%,1.9%,22.3%,1.4%,1.5%,0.4%,1.2%,22.0%,8.3%,1.7%,23.7%,1.2%,1.4%,0.4%,1.1%,23.7%,9.4%,2.0%,25.7%,1.0%,1.3%,0.4%,0.9%,23.3%,9.9%,2.4%,25.7%,0.9%,0.9%,0.2%,0.7%,23.4%,8.2%,1.6%,25.0%,0.7%,0.7%,0.2%,0.6%,23.8%,8.4%,2.0%,25.7%,0.7%,0.7%,0.2%,0.6%,25.5%,8.7%,2.2%,27.7%,0.7%,0.7%,0.2%,0.6%,26.7%,9.1%,2.3%,29.0%,0.6%,0.6%,0.1%,0.5%,28.5%,9.7%,1.4%,29.9%,0.5%,0.6%,0.1%,0.5%,29.5%,10.7%,1.6%,31.1%
shinken,82.7%,78.5%,77.7%,80.4%,1.1%,1.2%,1.0%,2.1%,71.3%,68.1%,66.1%,68.9%,1.2%,1.3%,1.0%,2.2%,67.8%,58.1%,54.0%,61.2%,1.4%,1.4%,1.1%,2.5%,64.9%,46.5%,40.7%,53.2%,1.9%,1.5%,1.1%,3.0%,62.2%,37.6%,30.5%,46.9%,2.2%,1.5%,1.0%,3.2%,55.2%,32.7%,24.8%,40.6%,2.2%,1.5%,0.9%,3.1%,48.4%,29.8%,21.6%,35.5%,2.1%,1.5%,0.9%,3.0%,43.4%,27.4%,19.4%,31.8%,2.2%,1.6%,0.9%,3.1%,38.0%,24.6%,16.9%,27.8%,2.3%,1.7%,0.9%,3.2%,33.6%,23.3%,16.1%,25.1%,2.5%,2.0%,1.1%,3.6%,29.7%,22.5%,15.8%,23.0%,3.1%,2.7%,1.6%,4.7%,26.4%,21.1%,14.7%,20.8%,4.8%,4.3%,2.5%,7.2%,23.4%,19.8%,13.7%,18.7%,6.7%,6.5%,3.7%,10.4%,21.5%,18.5%,12.4%,17.1%,8.3%,8.2%,4.5%,12.8%,19.7%,17.5%,12.1%,16.1%,9.6%,9.7%,5.5%,15.1%,18.4%,16.7%,11.5%,15.1%,10.1%,10.5%,5.9%,16.1%,16.6%,16.0%,11.2%,14.0%,10.7%,11.7%,6.7%,17.4%,15.4%,15.6%,11.1%,13.3%,11.1%,12.9%,7.5%,18.6%,14.1%,14.9%,10.9%,12.6%,11.8%,14.2%,8.5%,20.3%,12.7%,14.0%,10.7%,11.7%,12.1%,15.3%,9.5%,21.6%
softlayer-python,52.3%,61.9%,84.6%,58.4%,1.6%,1.2%,0.6%,2.2%,32.3%,39.1%,42.1%,34.1%,2.0%,1.6%,0.6%,2.6%,17.5%,24.5%,22.6%,18.4%,2.4%,2.1%,0.7%,3.1%,8.4%,10.0%,14.4%,9.6%,4.0%,3.0%,1.6%,5.6%,6.0%,7.5%,12.8%,7.3%,6.8%,5.4%,3.4%,10.1%,4.2%,5.7%,9.7%,5.3%,7.4%,6.3%,4.0%,11.3%,3.5%,4.5%,6.7%,4.1%,8.4%,6.9%,3.8%,12.1%,2.5%,3.6%,5.6%,3.1%,7.7%,7.0%,4.0%,11.8%,1.8%,2.6%,3.6%,2.1%,7.4%,6.9%,3.5%,10.9%,1.4%,2.3%,3.1%,1.8%,7.7%,7.7%,3.8%,11.5%,0.8%,1.3%,2.1%,1.1%,5.7%,5.7%,3.3%,9.0%,0.8%,1.3%,2.1%,1.1%,7.6%,7.6%,4.3%,12.0%,0.7%,1.1%,1.5%,0.9%,7.7%,7.7%,3.8%,11.5%,0.5%,0.8%,1.0%,0.6%,7.7%,7.7%,3.8%,11.5%,0.4%,0.8%,1.0%,0.5%,6.8%,9.1%,4.5%,11.4%,0.4%,0.8%,1.0%,0.5%,7.9%,10.5%,5.3%,13.2%,0.4%,0.6%,0.5%,0.4%,10.7%,10.7%,3.6%,14.3%,0.4%,0.4%,0.0%,0.3%,15.0%,10.0%,0.0%,15.0%,0.4%,0.4%,0.0%,0.3%,15.0%,10.0%,0.0%,15.0%,0.2%,0.2%,0.0%,0.2%,11.1%,5.6%,0.0%,11.1%
sphinx,97.2%,94.1%,91.8%,96.6%,1.3%,0.6%,0.4%,1.7%,94.1%,91.7%,89.4%,93.7%,1.6%,0.8%,0.5%,2.2%,92.8%,89.4%,86.2%,91.9%,2.0%,1.0%,0.6%,2.7%,90.9%,84.4%,79.0%,88.6%,2.3%,1.0%,0.7%,3.0%,85.9%,76.4%,69.0%,82.4%,2.7%,1.2%,0.7%,3.4%,80.5%,68.6%,59.9%,76.0%,3.3%,1.4%,0.8%,4.2%,75.4%,64.9%,55.7%,71.1%,3.7%,1.5%,0.9%,4.6%,68.3%,60.3%,50.7%,64.5%,4.1%,1.7%,1.0%,5.1%,63.4%,56.8%,46.4%,59.5%,4.5%,2.0%,1.1%,5.7%,58.1%,54.4%,43.5%,54.9%,5.0%,2.3%,1.3%,6.3%,53.1%,50.3%,39.5%,50.0%,5.5%,2.5%,1.4%,7.0%,49.0%,46.8%,36.6%,46.1%,6.0%,2.8%,1.5%,7.5%,46.2%,43.4%,33.2%,43.2%,6.7%,3.0%,1.6%,8.3%,42.0%,40.6%,30.5%,39.3%,7.1%,3.3%,1.8%,8.9%,37.9%,37.8%,28.4%,35.7%,7.7%,3.7%,2.0%,9.7%,34.1%,34.9%,25.2%,32.0%,8.3%,4.1%,2.1%,10.4%,31.2%,32.7%,23.1%,29.3%,9.0%,4.6%,2.3%,11.3%,28.2%,29.3%,20.7%,26.5%,9.7%,4.9%,2.4%,12.2%,24.9%,25.4%,17.8%,23.2%,10.4%,5.1%,2.5%,12.9%,21.9%,22.6%,15.4%,20.4%,11.0%,5.5%,2.6%,13.7%
sqlalchemy,99.4%,98.4%,98.0%,99.4%,1.6%,0.9%,0.6%,2.2%,98.7%,96.8%,96.1%,98.4%,1.7%,1.0%,0.7%,2.4%,86.9%,76.0%,69.2%,82.2%,2.5%,1.3%,0.8%,3.3%,74.7%,63.7%,55.6%,69.6%,3.2%,1.6%,0.9%,4.1%,62.6%,53.7%,46.2%,58.2%,3.4%,1.8%,1.0%,4.5%,54.5%,46.1%,39.1%,50.3%,3.7%,1.8%,1.1%,4.8%,49.1%,41.1%,34.0%,45.0%,3.9%,1.9%,1.1%,5.0%,46.4%,37.7%,31.0%,42.2%,4.1%,2.0%,1.1%,5.2%,44.7%,35.5%,28.8%,40.4%,4.3%,2.0%,1.1%,5.5%,42.5%,33.8%,27.3%,38.4%,4.8%,2.3%,1.2%,6.1%,38.8%,30.4%,23.9%,34.7%,5.7%,2.6%,1.4%,7.1%,34.7%,27.1%,20.6%,30.8%,6.4%,3.0%,1.5%,7.9%,31.1%,24.5%,18.1%,27.5%,7.2%,3.4%,1.7%,8.9%,27.9%,22.1%,16.1%,24.7%,8.1%,3.8%,1.9%,10.1%,24.3%,20.1%,14.1%,21.5%,9.2%,4.5%,2.2%,11.5%,22.0%,18.8%,12.5%,19.3%,11.1%,5.6%,2.6%,13.7%,19.0%,17.4%,11.6%,16.9%,12.6%,6.8%,3.1%,15.8%,16.5%,15.7%,10.3%,14.7%,14.2%,8.0%,3.6%,17.7%,14.6%,14.3%,9.1%,13.0%,15.5%,9.0%,3.9%,19.4%,13.1%,13.3%,8.5%,11.8%,17.1%,10.4%,4.5%,21.6%
sqlmap,98.7%,92.3%,90.8%,97.5%,1.1%,0.2%,0.2%,1.3%,93.4%,89.1%,87.4%,92.5%,1.2%,0.2%,0.2%,1.4%,90.9%,49.8%,41.6%,83.3%,1.3%,0.2%,0.1%,1.4%,83.8%,46.9%,39.3%,77.0%,1.3%,0.2%,0.1%,1.4%,80.4%,45.3%,38.5%,74.0%,1.5%,0.2%,0.1%,1.6%,78.0%,44.7%,37.8%,71.8%,1.5%,0.2%,0.1%,1.6%,76.7%,44.7%,37.8%,70.7%,1.7%,0.2%,0.1%,1.8%,74.3%,44.4%,37.4%,68.6%,2.1%,0.3%,0.2%,2.3%,72.0%,43.4%,36.6%,66.5%,2.1%,0.3%,0.2%,2.3%,69.8%,43.4%,36.6%,64.7%,2.1%,0.3%,0.2%,2.3%,67.6%,41.2%,34.0%,62.4%,2.2%,0.3%,0.2%,2.4%,64.8%,39.2%,32.4%,59.8%,2.2%,0.3%,0.2%,2.4%,63.3%,38.6%,32.1%,58.5%,2.3%,0.3%,0.2%,2.5%,61.2%,37.0%,30.2%,56.4%,2.5%,0.3%,0.2%,2.7%,59.0%,36.3%,29.8%,54.4%,2.9%,0.4%,0.3%,3.1%,55.7%,35.7%,29.4%,51.6%,3.2%,0.4%,0.3%,3.5%,52.3%,34.1%,28.6%,48.6%,3.3%,0.5%,0.3%,3.6%,48.1%,32.5%,27.9%,45.0%,4.3%,0.6%,0.4%,4.7%,42.5%,31.5%,27.5%,40.2%,5.0%,0.8%,0.6%,5.6%,37.2%,29.6%,26.0%,35.5%,6.0%,1.0%,0.8%,6.7%
sqlparse,100.0%,100.0%,100.0%,100.0%,4.1%,1.7%,1.6%,5.7%,89.7%,100.0%,100.0%,92.6%,4.6%,2.1%,2.0%,6.6%,56.4%,87.5%,86.7%,64.8%,5.1%,3.2%,3.0%,8.1%,25.6%,75.0%,80.0%,40.7%,3.7%,4.4%,4.4%,8.1%,17.9%,68.8%,73.3%,33.3%,3.8%,6.0%,6.0%,9.8%,12.8%,56.3%,60.0%,25.9%,3.6%,6.5%,6.5%,10.1%,12.8%,56.3%,60.0%,25.9%,4.2%,7.6%,7.6%,11.9%,7.7%,43.8%,46.7%,18.5%,3.6%,8.3%,8.3%,11.9%,7.7%,37.5%,40.0%,16.7%,4.8%,9.7%,9.7%,14.5%,2.6%,37.5%,40.0%,13.0%,2.4%,14.3%,14.3%,16.7%,2.6%,25.0%,26.7%,9.3%,3.6%,14.3%,14.3%,17.9%,2.6%,25.0%,26.7%,9.3%,4.5%,18.2%,18.2%,22.7%,2.6%,12.5%,13.3%,5.6%,7.1%,14.3%,14.3%,21.4%,2.6%,12.5%,13.3%,5.6%,10.0%,20.0%,20.0%,30.0%,0.0%,12.5%,13.3%,3.7%,0.0%,25.0%,25.0%,25.0%,0.0%,12.5%,13.3%,3.7%,0.0%,25.0%,25.0%,25.0%,0.0%,12.5%,13.3%,3.7%,0.0%,25.0%,25.0%,25.0%,0.0%,12.5%,13.3%,3.7%,0.0%,25.0%,25.0%,25.0%,0.0%,12.5%,13.3%,3.7%,0.0%,25.0%,25.0%,25.0%,0.0%,12.5%,13.3%,3.7%,0.0%,25.0%,25.0%,25.0%
sugar,98.8%,98.1%,97.6%,98.2%,1.1%,1.3%,1.0%,2.1%,89.5%,65.4%,57.4%,73.9%,2.0%,1.8%,1.2%,3.2%,76.6%,54.6%,45.0%,61.2%,2.7%,2.3%,1.5%,4.1%,69.3%,49.5%,40.2%,55.2%,3.1%,2.7%,1.7%,4.8%,62.8%,42.9%,33.9%,48.8%,3.7%,3.1%,1.9%,5.7%,53.6%,37.1%,28.8%,41.6%,4.5%,3.8%,2.3%,6.8%,47.1%,33.2%,24.6%,36.2%,6.0%,5.2%,3.0%,9.0%,41.6%,28.0%,19.8%,31.1%,8.3%,6.7%,3.7%,12.0%,36.2%,22.9%,15.3%,26.1%,10.9%,8.3%,4.3%,15.2%,28.7%,17.5%,10.8%,20.0%,12.9%,9.6%,4.6%,17.5%,23.9%,14.8%,8.7%,16.6%,16.1%,12.0%,5.5%,21.6%,18.5%,12.0%,6.6%,12.7%,18.0%,14.1%,6.1%,24.1%,16.2%,9.3%,4.5%,10.5%,20.8%,14.4%,5.4%,26.3%,14.5%,7.6%,3.2%,9.0%,25.0%,15.9%,5.2%,30.2%,12.5%,6.6%,2.4%,7.6%,26.6%,17.0%,4.8%,31.4%,9.2%,4.7%,1.9%,5.6%,26.1%,16.2%,4.9%,31.0%,7.5%,4.1%,1.3%,4.5%,29.4%,19.6%,4.9%,34.3%,6.7%,3.7%,1.1%,4.0%,32.1%,21.4%,4.8%,36.9%,5.7%,3.3%,1.1%,3.5%,32.9%,22.9%,5.7%,38.6%,4.5%,2.5%,0.8%,2.7%,32.1%,21.4%,5.4%,37.5%
sympy,77.7%,69.3%,61.4%,76.4%,1.2%,0.2%,0.1%,1.3%,66.6%,58.5%,48.8%,65.0%,1.7%,0.3%,0.2%,1.9%,58.0%,52.3%,41.5%,56.5%,2.3%,0.4%,0.2%,2.6%,50.5%,46.9%,36.5%,49.2%,3.1%,0.5%,0.3%,3.4%,44.2%,43.0%,32.5%,43.1%,3.9%,0.7%,0.4%,4.3%,38.7%,39.6%,28.7%,37.7%,4.9%,1.0%,0.5%,5.4%,34.3%,35.8%,25.6%,33.4%,6.2%,1.3%,0.6%,6.8%,30.5%,32.8%,22.5%,29.7%,7.6%,1.6%,0.7%,8.3%,26.8%,29.8%,19.2%,26.0%,9.0%,1.9%,0.8%,9.8%,23.9%,26.9%,16.5%,23.1%,10.6%,2.3%,1.0%,11.5%,21.2%,24.8%,14.9%,20.5%,12.2%,2.8%,1.1%,13.3%,19.0%,22.7%,13.0%,18.4%,14.0%,3.2%,1.3%,15.2%,17.3%,20.9%,11.6%,16.7%,15.7%,3.7%,1.4%,17.1%,15.8%,19.5%,10.4%,15.2%,17.3%,4.1%,1.5%,18.8%,14.5%,18.3%,9.3%,13.9%,19.1%,4.7%,1.6%,20.7%,13.3%,17.1%,8.4%,12.8%,20.7%,5.1%,1.7%,22.4%,12.2%,16.0%,7.3%,11.6%,22.6%,5.7%,1.8%,24.4%,11.2%,14.9%,6.7%,10.7%,24.4%,6.3%,1.9%,26.3%,10.4%,14.1%,6.4%,9.9%,25.8%,6.8%,2.1%,27.9%,9.9%,13.7%,6.0%,9.5%,28.0%,7.5%,2.2%,30.2%
tashi,94.2%,84.4%,79.5%,91.4%,4.1%,1.2%,0.8%,4.9%,52.4%,51.6%,50.0%,51.9%,7.3%,2.4%,1.6%,8.9%,31.7%,28.1%,31.8%,31.8%,11.6%,3.5%,2.7%,14.3%,20.6%,18.8%,20.5%,20.6%,12.9%,4.0%,3.0%,15.9%,14.3%,12.5%,13.6%,14.2%,14.4%,4.3%,3.2%,17.6%,9.0%,10.9%,11.4%,9.4%,14.4%,5.9%,4.2%,18.6%,6.3%,10.9%,11.4%,7.3%,15.4%,9.0%,6.4%,21.8%,3.2%,4.7%,6.8%,3.9%,11.1%,5.6%,5.6%,16.7%,2.6%,1.6%,2.3%,2.6%,13.9%,2.8%,2.8%,16.7%,2.1%,1.6%,2.3%,2.1%,14.3%,3.6%,3.6%,17.9%,1.6%,1.6%,2.3%,1.7%,13.6%,4.5%,4.5%,18.2%,1.1%,1.6%,2.3%,1.3%,12.5%,6.3%,6.3%,18.8%,0.5%,1.6%,2.3%,0.9%,10.0%,10.0%,10.0%,20.0%,0.0%,1.6%,2.3%,0.4%,0.0%,12.5%,12.5%,12.5%,0.0%,1.6%,2.3%,0.4%,0.0%,12.5%,12.5%,12.5%,0.0%,1.6%,2.3%,0.4%,0.0%,12.5%,12.5%,12.5%,0.0%,1.6%,2.3%,0.4%,0.0%,12.5%,12.5%,12.5%,0.0%,1.6%,2.3%,0.4%,0.0%,12.5%,12.5%,12.5%,0.0%,1.6%,2.3%,0.4%,0.0%,16.7%,16.7%,16.7%,0.0%,1.6%,2.3%,0.4%,0.0%,16.7%,16.7%,16.7%
Theano,88.5%,90.8%,87.7%,88.5%,3.4%,1.2%,0.6%,4.0%,71.2%,78.5%,72.5%,71.5%,5.8%,2.1%,1.1%,6.9%,57.1%,67.9%,61.8%,57.9%,8.3%,3.3%,1.7%,10.0%,50.2%,62.0%,54.9%,51.0%,11.2%,4.6%,2.3%,13.5%,43.6%,55.2%,46.6%,44.1%,13.5%,5.7%,2.7%,16.1%,38.5%,50.3%,41.2%,38.9%,16.0%,7.0%,3.2%,19.2%,32.6%,45.1%,35.3%,33.0%,17.8%,8.2%,3.6%,21.3%,27.7%,39.7%,29.4%,27.9%,19.5%,9.4%,3.9%,23.4%,25.5%,37.8%,27.0%,25.7%,21.7%,10.8%,4.3%,26.0%,22.4%,34.5%,25.0%,22.8%,23.6%,12.2%,4.9%,28.5%,20.5%,33.2%,23.5%,21.0%,25.6%,13.9%,5.5%,31.1%,17.9%,30.4%,20.6%,18.3%,27.1%,15.4%,5.8%,32.9%,15.3%,28.0%,19.6%,16.0%,27.7%,17.0%,6.6%,34.3%,13.9%,26.4%,18.1%,14.6%,28.7%,18.2%,6.9%,35.6%,12.1%,23.9%,16.2%,12.7%,29.0%,19.2%,7.2%,36.2%,10.6%,20.9%,13.2%,11.1%,29.1%,19.2%,6.7%,35.8%,9.2%,19.6%,13.2%,9.8%,28.9%,20.6%,7.7%,36.6%,8.3%,17.9%,12.3%,8.9%,29.9%,21.7%,8.2%,38.2%,7.4%,16.0%,11.8%,8.1%,29.8%,21.7%,8.8%,38.6%,6.3%,14.9%,10.8%,7.0%,28.5%,22.7%,9.1%,37.6%
the-blue-alliance,62.0%,49.9%,37.3%,59.3%,4.1%,0.7%,0.3%,4.4%,33.9%,27.6%,16.3%,31.9%,6.9%,1.1%,0.4%,7.3%,21.9%,18.1%,10.3%,20.6%,10.5%,1.8%,0.6%,11.1%,15.0%,11.2%,6.0%,14.0%,14.2%,2.2%,0.7%,14.9%,11.4%,7.8%,2.8%,10.4%,17.8%,2.5%,0.6%,18.4%,8.5%,5.6%,2.0%,7.8%,20.2%,2.7%,0.6%,20.8%,6.3%,5.1%,1.6%,5.8%,22.6%,3.8%,0.7%,23.3%,5.0%,4.6%,1.6%,4.6%,25.5%,4.9%,1.0%,26.5%,3.6%,3.9%,1.6%,3.3%,26.1%,5.9%,1.5%,27.6%,2.7%,3.4%,1.6%,2.5%,25.7%,6.8%,1.9%,27.7%,2.1%,3.2%,1.2%,2.0%,26.3%,8.1%,1.9%,28.1%,1.4%,2.4%,1.2%,1.4%,24.6%,8.8%,2.6%,27.2%,1.2%,2.2%,0.8%,1.1%,25.6%,10.0%,2.2%,27.8%,1.0%,1.5%,0.4%,0.9%,28.6%,8.6%,1.4%,30.0%,0.9%,1.5%,0.4%,0.8%,29.3%,10.3%,1.7%,31.0%,0.8%,1.5%,0.4%,0.7%,28.8%,11.5%,1.9%,30.8%,0.7%,1.5%,0.4%,0.7%,28.0%,12.0%,2.0%,30.0%,0.6%,1.2%,0.4%,0.6%,26.1%,10.9%,2.2%,28.3%,0.5%,1.0%,0.4%,0.4%,22.5%,10.0%,2.5%,25.0%,0.4%,0.7%,0.4%,0.4%,26.9%,11.5%,3.8%,30.8%
thefuck,81.3%,73.8%,73.5%,79.8%,0.8%,0.2%,0.2%,1.0%,47.7%,27.5%,26.5%,43.6%,1.5%,0.2%,0.2%,1.7%,28.2%,10.6%,9.0%,24.4%,4.5%,0.4%,0.4%,4.9%,17.4%,6.9%,5.2%,15.0%,8.9%,0.9%,0.7%,9.6%,10.1%,5.0%,3.9%,8.8%,11.5%,1.5%,1.1%,12.6%,6.5%,3.1%,1.9%,5.6%,16.4%,2.0%,1.2%,17.6%,4.1%,2.5%,1.3%,3.5%,20.5%,3.3%,1.6%,22.1%,3.1%,2.5%,1.3%,2.7%,24.4%,5.1%,2.6%,26.9%,2.1%,2.5%,1.3%,2.0%,26.0%,8.0%,4.0%,30.0%,1.8%,2.5%,1.3%,1.7%,26.2%,9.5%,4.8%,31.0%,1.3%,2.5%,1.3%,1.3%,22.2%,11.1%,5.6%,27.8%,1.1%,1.9%,0.6%,1.0%,26.9%,11.5%,3.8%,30.8%,0.8%,1.9%,0.6%,0.8%,25.0%,15.0%,5.0%,30.0%,0.7%,1.3%,0.6%,0.7%,28.6%,14.3%,7.1%,35.7%,0.7%,1.3%,0.6%,0.7%,28.6%,14.3%,7.1%,35.7%,0.5%,1.3%,0.6%,0.5%,30.0%,20.0%,10.0%,40.0%,0.5%,1.3%,0.6%,0.5%,30.0%,20.0%,10.0%,40.0%,0.3%,0.6%,0.0%,0.3%,33.3%,16.7%,0.0%,33.3%,0.3%,0.6%,0.0%,0.3%,33.3%,16.7%,0.0%,33.3%,0.2%,0.0%,0.0%,0.1%,25.0%,0.0%,0.0%,25.0%
tornado,96.2%,95.3%,96.1%,96.2%,4.7%,1.0%,0.6%,5.3%,89.6%,87.1%,86.3%,89.3%,5.4%,1.1%,0.7%,6.1%,83.6%,78.8%,76.5%,82.8%,6.0%,1.2%,0.7%,6.7%,77.0%,71.8%,68.6%,76.1%,7.0%,1.4%,0.8%,7.8%,72.7%,70.6%,66.7%,72.0%,7.7%,1.6%,0.9%,8.6%,69.4%,70.6%,66.7%,69.1%,8.4%,1.8%,1.0%,9.4%,66.4%,68.2%,62.7%,66.0%,9.0%,2.0%,1.1%,10.1%,62.6%,65.9%,58.8%,62.2%,9.7%,2.2%,1.2%,10.9%,56.8%,62.4%,56.9%,56.8%,10.3%,2.4%,1.3%,11.6%,51.0%,62.4%,56.9%,51.7%,10.9%,2.9%,1.6%,12.4%,47.5%,61.2%,56.9%,48.5%,11.6%,3.2%,1.8%,13.4%,42.7%,57.6%,56.9%,44.3%,12.2%,3.5%,2.1%,14.3%,38.4%,54.1%,52.9%,40.0%,12.9%,3.9%,2.3%,15.1%,35.9%,52.9%,52.9%,37.8%,13.9%,4.4%,2.6%,16.5%,32.3%,51.8%,51.0%,34.5%,14.5%,5.0%,3.0%,17.5%,30.3%,50.6%,49.0%,32.4%,15.9%,5.7%,3.3%,19.2%,27.5%,48.2%,45.1%,29.5%,17.1%,6.4%,3.6%,20.7%,25.5%,45.9%,43.1%,27.5%,18.2%,7.0%,4.0%,22.2%,23.5%,44.7%,41.2%,25.5%,19.1%,7.8%,4.3%,23.4%,21.7%,42.4%,39.2%,23.7%,19.9%,8.3%,4.6%,24.5%
trac,98.4%,96.1%,95.2%,98.0%,1.7%,0.6%,0.3%,2.1%,90.9%,88.1%,85.5%,90.1%,2.1%,0.7%,0.4%,2.5%,87.3%,84.2%,81.3%,86.4%,2.3%,0.8%,0.5%,2.8%,81.9%,78.2%,73.6%,80.6%,2.6%,0.9%,0.5%,3.1%,76.5%,74.6%,69.9%,75.5%,3.5%,1.2%,0.7%,4.2%,71.5%,71.7%,66.5%,70.8%,3.9%,1.4%,0.8%,4.7%,67.9%,69.0%,64.5%,67.4%,4.6%,1.6%,0.9%,5.5%,63.6%,66.4%,61.1%,63.3%,5.7%,2.1%,1.1%,6.8%,58.9%,63.0%,56.8%,58.7%,6.4%,2.4%,1.3%,7.7%,54.5%,59.5%,52.3%,54.2%,7.2%,2.8%,1.5%,8.6%,51.6%,56.0%,47.4%,51.0%,7.9%,3.0%,1.5%,9.5%,48.4%,52.3%,43.8%,47.6%,8.7%,3.3%,1.7%,10.4%,46.0%,49.7%,40.1%,45.1%,9.8%,3.7%,1.8%,11.6%,42.9%,47.9%,38.4%,42.2%,10.8%,4.2%,2.0%,12.8%,39.9%,46.2%,36.6%,39.4%,11.9%,4.8%,2.3%,14.2%,36.3%,43.8%,34.7%,36.0%,12.8%,5.4%,2.6%,15.4%,33.0%,40.5%,31.8%,32.9%,13.7%,5.9%,2.8%,16.5%,29.9%,37.6%,28.1%,29.6%,14.5%,6.4%,2.9%,17.4%,26.9%,35.3%,25.9%,26.8%,15.3%,7.1%,3.1%,18.4%,24.2%,32.7%,23.9%,24.2%,16.2%,7.7%,3.4%,19.5%
tryton,97.0%,98.2%,97.6%,97.4%,3.2%,2.7%,2.0%,5.2%,89.4%,94.1%,92.5%,90.5%,3.8%,3.4%,2.5%,6.3%,82.4%,87.9%,84.5%,83.2%,4.8%,4.2%,3.0%,7.8%,76.5%,80.2%,75.0%,75.9%,6.2%,5.5%,3.8%,10.1%,68.3%,70.7%,64.3%,66.8%,8.1%,7.1%,4.8%,12.9%,58.4%,63.0%,57.5%,58.1%,9.3%,8.4%,5.7%,15.1%,52.7%,59.5%,53.2%,52.9%,10.3%,9.8%,6.5%,16.8%,46.0%,53.3%,46.8%,46.3%,10.8%,10.5%,6.9%,17.7%,39.6%,48.8%,43.3%,41.0%,11.2%,11.5%,7.6%,18.8%,35.4%,43.8%,38.1%,36.4%,12.2%,12.6%,8.2%,20.3%,31.7%,39.1%,33.3%,32.3%,13.2%,13.6%,8.7%,21.9%,29.2%,35.2%,29.0%,29.1%,14.3%,14.4%,8.9%,23.2%,27.0%,31.7%,25.4%,26.4%,15.4%,15.1%,9.0%,24.4%,25.2%,29.3%,23.0%,24.4%,16.4%,15.9%,9.3%,25.7%,24.0%,27.8%,21.0%,22.9%,18.2%,17.7%,10.0%,28.2%,21.8%,25.1%,18.7%,20.6%,19.7%,19.1%,10.5%,30.3%,21.0%,23.4%,16.7%,19.4%,21.1%,19.7%,10.4%,31.6%,18.8%,21.0%,15.5%,17.5%,21.0%,19.6%,10.8%,31.8%,17.6%,18.6%,13.1%,15.9%,22.0%,19.6%,10.2%,32.3%,16.3%,16.9%,11.5%,14.5%,24.1%,20.8%,10.6%,34.7%
trytond,84.4%,90.3%,90.1%,86.8%,3.3%,1.5%,1.2%,4.5%,61.0%,75.3%,72.0%,64.5%,5.1%,2.6%,2.0%,7.1%,51.8%,67.0%,63.5%,55.5%,6.5%,3.4%,2.6%,9.1%,43.8%,61.6%,58.2%,48.1%,7.4%,4.2%,3.2%,10.7%,37.0%,55.4%,52.1%,41.4%,8.2%,5.0%,3.8%,12.1%,32.0%,53.1%,49.6%,36.9%,9.2%,6.2%,4.7%,14.0%,27.3%,48.9%,45.0%,32.1%,10.2%,7.4%,5.5%,15.8%,21.2%,44.6%,41.5%,26.4%,10.0%,8.6%,6.4%,16.4%,18.4%,41.5%,38.3%,23.5%,10.9%,10.0%,7.4%,18.2%,15.2%,38.4%,36.2%,20.5%,11.1%,11.4%,8.6%,19.7%,13.8%,36.1%,34.0%,18.9%,12.0%,12.8%,9.7%,21.7%,13.0%,33.2%,31.2%,17.6%,13.2%,13.8%,10.4%,23.5%,11.7%,31.8%,30.1%,16.4%,13.8%,15.3%,11.6%,25.3%,10.3%,29.8%,28.0%,14.8%,14.3%,16.9%,12.7%,27.0%,9.6%,27.3%,24.8%,13.5%,15.7%,18.1%,13.2%,28.9%,8.8%,25.6%,23.0%,12.4%,16.3%,19.3%,13.9%,30.3%,8.1%,23.9%,20.9%,11.4%,17.9%,21.4%,15.1%,32.9%,7.4%,20.5%,17.4%,9.9%,18.5%,20.8%,14.2%,32.7%,6.5%,18.2%,14.9%,8.6%,18.3%,20.9%,13.7%,32.0%,5.6%,14.2%,11.3%,7.0%,18.0%,18.8%,12.0%,30.1%
twisted,82.0%,71.3%,58.8%,82.5%,0.7%,0.2%,0.1%,0.8%,8.0%,8.7%,3.0%,7.5%,6.0%,2.1%,0.4%,6.6%,2.9%,4.9%,1.6%,2.8%,16.6%,8.9%,1.8%,18.7%,1.7%,3.0%,0.9%,1.6%,21.7%,12.4%,2.2%,23.9%,1.1%,2.2%,0.6%,1.0%,26.3%,17.1%,2.9%,29.2%,0.8%,1.5%,0.4%,0.7%,42.5%,26.4%,4.7%,47.2%,0.5%,1.1%,0.3%,0.4%,46.6%,36.2%,5.2%,51.7%,0.4%,1.0%,0.3%,0.4%,48.1%,36.5%,5.8%,53.8%,0.3%,0.7%,0.3%,0.3%,47.5%,35.0%,7.5%,55.0%,0.3%,0.6%,0.2%,0.3%,47.1%,35.3%,5.9%,52.9%,0.3%,0.6%,0.2%,0.3%,46.9%,34.4%,6.3%,53.1%,0.2%,0.4%,0.1%,0.2%,46.4%,28.6%,3.6%,50.0%,0.2%,0.4%,0.1%,0.2%,50.0%,35.0%,5.0%,55.0%,0.1%,0.3%,0.1%,0.1%,50.0%,42.9%,7.1%,57.1%,0.1%,0.3%,0.1%,0.1%,50.0%,41.7%,8.3%,58.3%,0.1%,0.3%,0.1%,0.1%,50.0%,50.0%,10.0%,60.0%,0.1%,0.3%,0.1%,0.1%,50.0%,50.0%,10.0%,60.0%,0.1%,0.3%,0.1%,0.1%,50.0%,50.0%,10.0%,60.0%,0.1%,0.3%,0.1%,0.1%,50.0%,62.5%,12.5%,62.5%,0.1%,0.3%,0.1%,0.1%,50.0%,62.5%,12.5%,62.5%
voc,87.1%,68.4%,42.4%,87.8%,1.8%,0.8%,0.1%,2.1%,70.5%,57.0%,39.4%,70.2%,1.9%,0.8%,0.2%,2.1%,62.4%,50.9%,39.4%,63.0%,2.0%,0.9%,0.2%,2.3%,35.7%,29.8%,21.2%,36.6%,1.4%,0.6%,0.1%,1.6%,26.2%,18.4%,21.2%,28.2%,1.2%,0.5%,0.2%,1.5%,20.0%,16.7%,18.2%,22.3%,1.6%,0.7%,0.2%,2.0%,15.2%,15.8%,15.2%,17.2%,2.0%,1.1%,0.3%,2.5%,13.3%,15.8%,15.2%,15.5%,2.6%,1.7%,0.5%,3.4%,10.5%,12.3%,12.1%,12.6%,2.9%,1.9%,0.5%,4.0%,9.0%,8.8%,9.1%,10.9%,3.4%,1.8%,0.5%,4.7%,9.0%,8.8%,9.1%,10.9%,4.9%,2.6%,0.8%,6.7%,7.1%,5.3%,6.1%,8.8%,4.8%,1.9%,0.6%,6.7%,5.7%,1.8%,0.0%,6.3%,5.2%,0.9%,0.0%,6.5%,5.7%,1.8%,0.0%,6.3%,6.3%,1.0%,0.0%,7.8%,4.8%,0.9%,0.0%,5.5%,6.3%,0.6%,0.0%,8.1%,4.3%,0.0%,0.0%,5.0%,6.5%,0.0%,0.0%,8.7%,4.3%,0.0%,0.0%,5.0%,7.1%,0.0%,0.0%,9.5%,3.8%,0.0%,0.0%,4.6%,7.0%,0.0%,0.0%,9.6%,3.8%,0.0%,0.0%,4.6%,7.3%,0.0%,0.0%,10.0%,3.8%,0.0%,0.0%,4.6%,7.5%,0.0%,0.0%,10.4%
web2py,90.1%,59.7%,52.9%,85.7%,1.3%,0.4%,0.3%,1.7%,71.5%,51.6%,44.8%,65.7%,1.8%,0.7%,0.5%,2.4%,64.6%,48.1%,41.5%,59.7%,2.2%,0.9%,0.6%,2.8%,57.3%,46.2%,40.2%,53.9%,2.3%,1.0%,0.7%,3.0%,49.9%,43.5%,38.9%,47.8%,2.4%,1.1%,0.8%,3.2%,42.7%,38.4%,34.3%,41.2%,2.9%,1.4%,1.0%,3.9%,34.8%,32.2%,27.5%,33.4%,3.4%,1.7%,1.2%,4.6%,31.4%,28.1%,23.5%,29.8%,3.6%,1.7%,1.2%,4.8%,30.1%,27.3%,22.5%,28.4%,4.0%,1.9%,1.3%,5.3%,29.1%,26.5%,22.2%,27.6%,4.1%,2.0%,1.4%,5.5%,27.8%,24.6%,21.2%,26.4%,4.3%,2.0%,1.5%,5.8%,26.9%,22.7%,19.0%,25.1%,5.0%,2.2%,1.5%,6.5%,26.3%,21.9%,18.3%,24.4%,5.1%,2.3%,1.6%,6.7%,24.0%,19.5%,16.0%,22.1%,8.4%,3.6%,2.5%,10.9%,22.0%,17.8%,14.7%,20.2%,10.6%,4.6%,3.1%,13.7%,20.6%,16.5%,13.1%,18.7%,13.0%,5.5%,3.6%,16.6%,18.8%,15.7%,12.1%,17.2%,14.5%,6.4%,4.1%,18.6%,16.5%,14.1%,10.8%,15.1%,18.1%,8.2%,5.2%,23.3%,14.4%,12.4%,9.5%,13.2%,19.8%,9.1%,5.7%,25.5%,11.4%,9.7%,7.8%,10.5%,22.7%,10.3%,6.9%,29.6%
weblate,96.6%,97.9%,98.1%,96.9%,0.7%,0.3%,0.2%,0.9%,80.5%,79.6%,73.2%,79.1%,1.5%,0.6%,0.3%,1.8%,62.1%,64.0%,56.2%,61.0%,1.8%,0.7%,0.4%,2.2%,50.4%,57.3%,48.2%,49.9%,1.8%,0.8%,0.4%,2.2%,43.1%,49.2%,42.2%,42.9%,2.1%,0.9%,0.5%,2.6%,35.5%,41.3%,35.8%,35.5%,2.1%,0.9%,0.5%,2.6%,30.3%,36.3%,31.6%,30.6%,2.4%,1.1%,0.6%,2.9%,27.0%,32.7%,27.5%,27.1%,2.6%,1.2%,0.7%,3.3%,23.2%,27.5%,23.3%,23.2%,3.0%,1.3%,0.7%,3.7%,20.6%,24.6%,20.8%,20.6%,3.7%,1.6%,0.9%,4.6%,18.8%,23.1%,18.8%,18.8%,4.7%,2.2%,1.2%,5.9%,16.6%,22.1%,17.9%,16.9%,5.8%,2.9%,1.5%,7.3%,14.8%,19.6%,15.7%,15.0%,6.9%,3.4%,1.8%,8.7%,13.3%,17.9%,14.4%,13.5%,8.1%,4.1%,2.2%,10.3%,12.1%,16.9%,14.1%,12.5%,9.6%,5.0%,2.7%,12.4%,11.1%,15.8%,13.1%,11.5%,11.5%,6.1%,3.3%,14.8%,8.7%,14.4%,11.5%,9.3%,11.7%,7.2%,3.8%,15.5%,7.6%,13.8%,10.9%,8.2%,12.9%,8.8%,4.5%,17.4%,7.0%,12.9%,10.2%,7.6%,14.8%,10.2%,5.3%,20.1%,5.9%,11.7%,8.9%,6.5%,16.1%,11.9%,5.9%,22.0%
werkzeug,96.6%,97.6%,99.1%,97.1%,2.6%,0.9%,0.6%,3.3%,54.0%,47.0%,41.4%,51.6%,3.6%,1.1%,0.7%,4.3%,14.3%,7.2%,9.0%,13.3%,2.4%,0.4%,0.4%,2.8%,11.6%,5.4%,6.3%,10.6%,2.7%,0.5%,0.4%,3.1%,10.9%,4.8%,5.4%,9.9%,4.2%,0.7%,0.5%,4.7%,10.1%,4.2%,4.5%,9.0%,6.9%,1.0%,0.7%,7.7%,7.3%,2.4%,1.8%,6.2%,7.3%,0.9%,0.4%,7.8%,4.1%,2.4%,1.8%,3.6%,5.9%,1.2%,0.6%,6.5%,1.5%,1.8%,0.9%,1.4%,3.2%,1.4%,0.5%,3.7%,0.4%,1.2%,0.9%,0.5%,1.3%,1.3%,0.6%,1.9%,0.0%,0.6%,0.9%,0.2%,0.0%,0.8%,0.8%,0.8%,0.0%,0.6%,0.9%,0.2%,0.0%,1.1%,1.1%,1.1%,0.0%,0.6%,0.9%,0.2%,0.0%,1.7%,1.7%,1.7%,0.0%,0.6%,0.9%,0.2%,0.0%,2.5%,2.5%,2.5%,0.0%,0.6%,0.9%,0.2%,0.0%,3.8%,3.8%,3.8%,0.0%,0.0%,0.0%,0.0%,0.0%,0.0%,0.0%,0.0%,0.0%,0.0%,0.0%,0.0%,0.0%,0.0%,0.0%,0.0%,0.0%,0.0%,0.0%,0.0%,0.0%,0.0%,0.0%,0.0%,0.0%,0.0%,0.0%,0.0%,0.0%,0.0%,0.0%,0.0%,0.0%,0.0%,0.0%,0.0%,0.0%,0.0%,0.0%,0.0%
Zope,91.5%,90.2%,88.3%,90.5%,0.8%,0.4%,0.3%,1.2%,79.6%,77.5%,74.8%,78.2%,1.1%,0.6%,0.4%,1.5%,68.9%,62.3%,59.7%,66.2%,1.2%,0.6%,0.4%,1.6%,60.3%,51.5%,46.9%,56.3%,1.7%,0.8%,0.6%,2.3%,48.4%,37.9%,32.4%,43.6%,3.5%,1.5%,1.0%,4.5%,29.6%,25.2%,21.0%,27.1%,6.4%,2.9%,1.9%,8.3%,19.1%,16.0%,12.4%,17.1%,9.8%,4.5%,2.7%,12.6%,14.1%,12.5%,9.0%,12.6%,13.3%,6.4%,3.6%,16.9%,10.9%,9.5%,6.9%,9.7%,15.8%,7.5%,4.3%,20.1%,8.7%,8.1%,5.9%,7.8%,18.7%,9.5%,5.4%,24.1%,7.2%,6.2%,3.8%,6.2%,22.5%,10.6%,5.0%,27.5%,5.0%,5.1%,3.4%,4.5%,22.4%,12.5%,6.6%,28.9%,3.7%,4.6%,2.8%,3.4%,22.3%,15.2%,7.1%,29.5%,3.2%,4.1%,2.4%,3.0%,23.4%,16.0%,7.4%,30.9%,2.8%,3.3%,1.7%,2.5%,24.4%,15.4%,6.4%,30.8%,2.3%,3.3%,1.7%,2.2%,25.0%,18.8%,7.8%,32.8%,1.6%,1.6%,0.7%,1.3%,23.9%,13.0%,4.3%,28.3%,1.6%,1.6%,0.7%,1.3%,27.5%,15.0%,5.0%,32.5%,1.3%,1.4%,0.7%,1.1%,30.0%,16.7%,6.7%,36.7%,1.0%,1.1%,0.3%,0.8%,29.2%,16.7%,4.2%,33.3%
zulip,65.8%,75.5%,64.1%,65.6%,1.7%,0.4%,0.2%,1.9%,45.4%,51.7%,30.8%,44.0%,2.6%,0.6%,0.2%,2.8%,35.1%,43.2%,23.1%,34.0%,3.6%,0.9%,0.3%,3.9%,27.6%,36.4%,17.5%,26.6%,4.5%,1.2%,0.3%,4.8%,22.3%,32.3%,14.5%,21.6%,5.4%,1.6%,0.4%,5.8%,18.2%,29.1%,12.0%,17.6%,6.3%,2.0%,0.4%,6.7%,14.5%,24.3%,8.5%,13.9%,7.2%,2.4%,0.5%,7.7%,12.8%,22.7%,8.1%,12.3%,9.1%,3.2%,0.6%,9.7%,11.2%,19.9%,7.3%,10.8%,11.5%,4.1%,0.8%,12.3%,10.0%,19.0%,6.8%,9.7%,14.7%,5.6%,1.1%,15.8%,9.2%,16.9%,6.0%,8.9%,18.0%,6.6%,1.2%,19.3%,8.5%,15.6%,5.1%,8.1%,20.6%,7.5%,1.3%,21.9%,7.3%,14.2%,4.7%,7.1%,22.2%,8.5%,1.5%,23.7%,6.6%,12.8%,4.7%,6.5%,23.1%,8.9%,1.7%,24.8%,6.3%,12.1%,4.3%,6.1%,25.6%,9.7%,1.8%,27.4%,5.8%,11.7%,4.3%,5.6%,25.8%,10.4%,2.0%,27.8%,5.4%,11.4%,4.3%,5.3%,26.7%,11.2%,2.2%,28.9%,5.1%,10.5%,3.8%,5.0%,28.0%,11.5%,2.3%,30.3%,4.9%,9.6%,3.4%,4.7%,29.2%,11.5%,2.2%,31.4%,4.4%,7.8%,3.0%,4.3%,29.8%,10.4%,2.1%,31.9%
,,,,,,,,,,,,,,,,,,,,,,,,,,,,,,,,,,,,,,,,,,,,,,,,,,,,,,,,,,,,,,,,,,,,,,,,,,,,,,,,,,,,,,,,,,,,,,,,,,,,,,,,,,,,,,,,,,,,,,,,,,,,,,,,,,,,,,,,,,,,,,,,,,,,,,,,,,,,,,,,
,,,,,,,,,,,,,,,,,,,,,,,,,,,,,,,,,,,,,,,,,,,,,,,,,,,,,,,,,,,,,,,,,,,,,,,,,,,,,,,,,,,,,,,,,,,,,,,,,,,,,,,,,,,,,,,,,,,,,,,,,,,,,,,,,,,,,,,,,,,,,,,,,,,,,,,,,,,,,,,,
,,,,,,,,,,,,,,,,,,,,,,,,,,,,,,,,,,,,,,,,,,,,,,,,,,,,,,,,,,,,,,,,,,,,,,,,,,,,,,,,,,,,,,,,,,,,,,,,,,,,,,,,,,,,,,,,,,,,,,,,,,,,,,,,,,,,,,,,,,,,,,,,,,,,,,,,,,,,,,,,
,,,,,,,,,,,,,,,,,,,,,,,,,,,,,,,,,,,,,,,,,,,,,,,,,,,,,,,,,,,,,,,,,,,,,,,,,,,,,,,,,,,,,,,,,,,,,,,,,,,,,,,,,,,,,,,,,,,,,,,,,,,,,,,,,,,,,,,,,,,,,,,,,,,,,,,,,,,,,,,,
,,,,,,,,,,,,,,,,,,,,,,,,,,,,,,,,,,,,,,,,,,,,,,,,,,,,,,,,,,,,,,,,,,,,,,,,,,,,,,,,,,,,,,,,,,,,,,,,,,,,,,,,,,,,,,,,,,,,,,,,,,,,,,,,,,,,,,,,,,,,,,,,,,,,,,,,,,,,,,,,
,,,,,,,,,,,,,,,,,,,,,,,,,,,,,,,,,,,,,,,,,,,,,,,,,,,,,,,,,,,,,,,,,,,,,,,,,,,,,,,,,,,,,,,,,,,,,,,,,,,,,,,,,,,,,,,,,,,,,,,,,,,,,,,,,,,,,,,,,,,,,,,,,,,,,,,,,,,,,,,,
,,,,,,,,,,,,,,,,,,,,,,,,,,,,,,,,,,,,,,,,,,,,,,,,,,,,,,,,,,,,,,,,,,,,,,,,,,,,,,,,,,,,,,,,,,,,,,,,,,,,,,,,,,,,,,,,,,,,,,,,,,,,,,,,,,,,,,,,,,,,,,,,,,,,,,,,,,,,,,,,
,,,,,,,,,,,,,,,,,,,,,,,,,,,,,,,,,,,,,,,,,,,,,,,,,,,,,,,,,,,,,,,,,,,,,,,,,,,,,,,,,,,,,,,,,,,,,,,,,,,,,,,,,,,,,,,,,,,,,,,,,,,,,,,,,,,,,,,,,,,,,,,,,,,,,,,,,,,,,,,,
,,,,,,,,,,,,,,,,,,,,,,,,,,,,,,,,,,,,,,,,,,,,,,,,,,,,,,,,,,,,,,,,,,,,,,,,,,,,,,,,,,,,,,,,,,,,,,,,,,,,,,,,,,,,,,,,,,,,,,,,,,,,,,,,,,,,,,,,,,,,,,,,,,,,,,,,,,,,,,,,
,,,,,,,,,,,,,,,,,,,,,,,,,,,,,,,,,,,,,,,,,,,,,,,,,,,,,,,,,,,,,,,,,,,,,,,,,,,,,,,,,,,,,,,,,,,,,,,,,,,,,,,,,,,,,,,,,,,,,,,,,,,,,,,,,,,,,,,,,,,,,,,,,,,,,,,,,,,,,,,,
,,,,,,,,,,,,,,,,,,,,,,,,,,,,,,,,,,,,,,,,,,,,,,,,,,,,,,,,,,,,,,,,,,,,,,,,,,,,,,,,,,,,,,,,,,,,,,,,,,,,,,,,,,,,,,,,,,,,,,,,,,,,,,,,,,,,,,,,,,,,,,,,,,,,,,,,,,,,,,,,
,,,,,,,,,,,,,,,,,,,,,,,,,,,,,,,,,,,,,,,,,,,,,,,,,,,,,,,,,,,,,,,,,,,,,,,,,,,,,,,,,,,,,,,,,,,,,,,,,,,,,,,,,,,,,,,,,,,,,,,,,,,,,,,,,,,,,,,,,,,,,,,,,,,,,,,,,,,,,,,,
,,,,,,,,,,,,,,,,,,,,,,,,,,,,,,,,,,,,,,,,,,,,,,,,,,,,,,,,,,,,,,,,,,,,,,,,,,,,,,,,,,,,,,,,,,,,,,,,,,,,,,,,,,,,,,,,,,,,,,,,,,,,,,,,,,,,,,,,,,,,,,,,,,,,,,,,,,,,,,,,
,,,,,,,,,,,,,,,,,,,,,,,,,,,,,,,,,,,,,,,,,,,,,,,,,,,,,,,,,,,,,,,,,,,,,,,,,,,,,,,,,,,,,,,,,,,,,,,,,,,,,,,,,,,,,,,,,,,,,,,,,,,,,,,,,,,,,,,,,,,,,,,,,,,,,,,,,,,,,,,,
,,,,,,,,,,,,,,,,,,,,,,,,,,,,,,,,,,,,,,,,,,,,,,,,,,,,,,,,,,,,,,,,,,,,,,,,,,,,,,,,,,,,,,,,,,,,,,,,,,,,,,,,,,,,,,,,,,,,,,,,,,,,,,,,,,,,,,,,,,,,,,,,,,,,,,,,,,,,,,,,
,,,,,,,,,,,,,,,,,,,,,,,,,,,,,,,,,,,,,,,,,,,,,,,,,,,,,,,,,,,,,,,,,,,,,,,,,,,,,,,,,,,,,,,,,,,,,,,,,,,,,,,,,,,,,,,,,,,,,,,,,,,,,,,,,,,,,,,,,,,,,,,,,,,,,,,,,,,,,,,,
,,,,,,,,,,,,,,,,,,,,,,,,,,,,,,,,,,,,,,,,,,,,,,,,,,,,,,,,,,,,,,,,,,,,,,,,,,,,,,,,,,,,,,,,,,,,,,,,,,,,,,,,,,,,,,,,,,,,,,,,,,,,,,,,,,,,,,,,,,,,,,,,,,,,,,,,,,,,,,,,
,,,,,,,,,,,,,,,,,,,,,,,,,,,,,,,,,,,,,,,,,,,,,,,,,,,,,,,,,,,,,,,,,,,,,,,,,,,,,,,,,,,,,,,,,,,,,,,,,,,,,,,,,,,,,,,,,,,,,,,,,,,,,,,,,,,,,,,,,,,,,,,,,,,,,,,,,,,,,,,,
,,,,,,,,,,,,,,,,,,,,,,,,,,,,,,,,,,,,,,,,,,,,,,,,,,,,,,,,,,,,,,,,,,,,,,,,,,,,,,,,,,,,,,,,,,,,,,,,,,,,,,,,,,,,,,,,,,,,,,,,,,,,,,,,,,,,,,,,,,,,,,,,,,,,,,,,,,,,,,,,
,,,,,,,,,,,,,,,,,,,,,,,,,,,,,,,,,,,,,,,,,,,,,,,,,,,,,,,,,,,,,,,,,,,,,,,,,,,,,,,,,,,,,,,,,,,,,,,,,,,,,,,,,,,,,,,,,,,,,,,,,,,,,,,,,,,,,,,,,,,,,,,,,,,,,,,,,,,,,,,,
,,,,,,,,,,,,,,,,,,,,,,,,,,,,,,,,,,,,,,,,,,,,,,,,,,,,,,,,,,,,,,,,,,,,,,,,,,,,,,,,,,,,,,,,,,,,,,,,,,,,,,,,,,,,,,,,,,,,,,,,,,,,,,,,,,,,,,,,,,,,,,,,,,,,,,,,,,,,,,,,
,,,,,,,,,,,,,,,,,,,,,,,,,,,,,,,,,,,,,,,,,,,,,,,,,,,,,,,,,,,,,,,,,,,,,,,,,,,,,,,,,,,,,,,,,,,,,,,,,,,,,,,,,,,,,,,,,,,,,,,,,,,,,,,,,,,,,,,,,,,,,,,,,,,,,,,,,,,,,,,,
,,,,,,,,,,,,,,,,,,,,,,,,,,,,,,,,,,,,,,,,,,,,,,,,,,,,,,,,,,,,,,,,,,,,,,,,,,,,,,,,,,,,,,,,,,,,,,,,,,,,,,,,,,,,,,,,,,,,,,,,,,,,,,,,,,,,,,,,,,,,,,,,,,,,,,,,,,,,,,,,
,,,,,,,,,,,,,,,,,,,,,,,,,,,,,,,,,,,,,,,,,,,,,,,,,,,,,,,,,,,,,,,,,,,,,,,,,,,,,,,,,,,,,,,,,,,,,,,,,,,,,,,,,,,,,,,,,,,,,,,,,,,,,,,,,,,,,,,,,,,,,,,,,,,,,,,,,,,,,,,,
,,,,,,,,,,,,,,,,,,,,,,,,,,,,,,,,,,,,,,,,,,,,,,,,,,,,,,,,,,,,,,,,,,,,,,,,,,,,,,,,,,,,,,,,,,,,,,,,,,,,,,,,,,,,,,,,,,,,,,,,,,,,,,,,,,,,,,,,,,,,,,,,,,,,,,,,,,,,,,,,
,,,,,,,,,,,,,,,,,,,,,,,,,,,,,,,,,,,,,,,,,,,,,,,,,,,,,,,,,,,,,,,,,,,,,,,,,,,,,,,,,,,,,,,,,,,,,,,,,,,,,,,,,,,,,,,,,,,,,,,,,,,,,,,,,,,,,,,,,,,,,,,,,,,,,,,,,,,,,,,,
,,,,,,,,,,,,,,,,,,,,,,,,,,,,,,,,,,,,,,,,,,,,,,,,,,,,,,,,,,,,,,,,,,,,,,,,,,,,,,,,,,,,,,,,,,,,,,,,,,,,,,,,,,,,,,,,,,,,,,,,,,,,,,,,,,,,,,,,,,,,,,,,,,,,,,,,,,,,,,,,
,,,,,,,,,,,,,,,,,,,,,,,,,,,,,,,,,,,,,,,,,,,,,,,,,,,,,,,,,,,,,,,,,,,,,,,,,,,,,,,,,,,,,,,,,,,,,,,,,,,,,,,,,,,,,,,,,,,,,,,,,,,,,,,,,,,,,,,,,,,,,,,,,,,,,,,,,,,,,,,,
,,,,,,,,,,,,,,,,,,,,,,,,,,,,,,,,,,,,,,,,,,,,,,,,,,,,,,,,,,,,,,,,,,,,,,,,,,,,,,,,,,,,,,,,,,,,,,,,,,,,,,,,,,,,,,,,,,,,,,,,,,,,,,,,,,,,,,,,,,,,,,,,,,,,,,,,,,,,,,,,
,,,,,,,,,,,,,,,,,,,,,,,,,,,,,,,,,,,,,,,,,,,,,,,,,,,,,,,,,,,,,,,,,,,,,,,,,,,,,,,,,,,,,,,,,,,,,,,,,,,,,,,,,,,,,,,,,,,,,,,,,,,,,,,,,,,,,,,,,,,,,,,,,,,,,,,,,,,,,,,,
,,,,,,,,,,,,,,,,,,,,,,,,,,,,,,,,,,,,,,,,,,,,,,,,,,,,,,,,,,,,,,,,,,,,,,,,,,,,,,,,,,,,,,,,,,,,,,,,,,,,,,,,,,,,,,,,,,,,,,,,,,,,,,,,,,,,,,,,,,,,,,,,,,,,,,,,,,,,,,,,
,,,,,,,,,,,,,,,,,,,,,,,,,,,,,,,,,,,,,,,,,,,,,,,,,,,,,,,,,,,,,,,,,,,,,,,,,,,,,,,,,,,,,,,,,,,,,,,,,,,,,,,,,,,,,,,,,,,,,,,,,,,,,,,,,,,,,,,,,,,,,,,,,,,,,,,,,,,,,,,,
,,,,,,,,,,,,,,,,,,,,,,,,,,,,,,,,,,,,,,,,,,,,,,,,,,,,,,,,,,,,,,,,,,,,,,,,,,,,,,,,,,,,,,,,,,,,,,,,,,,,,,,,,,,,,,,,,,,,,,,,,,,,,,,,,,,,,,,,,,,,,,,,,,,,,,,,,,,,,,,,
,,,,,,,,,,,,,,,,,,,,,,,,,,,,,,,,,,,,,,,,,,,,,,,,,,,,,,,,,,,,,,,,,,,,,,,,,,,,,,,,,,,,,,,,,,,,,,,,,,,,,,,,,,,,,,,,,,,,,,,,,,,,,,,,,,,,,,,,,,,,,,,,,,,,,,,,,,,,,,,,
,,,,,,,,,,,,,,,,,,,,,,,,,,,,,,,,,,,,,,,,,,,,,,,,,,,,,,,,,,,,,,,,,,,,,,,,,,,,,,,,,,,,,,,,,,,,,,,,,,,,,,,,,,,,,,,,,,,,,,,,,,,,,,,,,,,,,,,,,,,,,,,,,,,,,,,,,,,,,,,,
,,,,,,,,,,,,,,,,,,,,,,,,,,,,,,,,,,,,,,,,,,,,,,,,,,,,,,,,,,,,,,,,,,,,,,,,,,,,,,,,,,,,,,,,,,,,,,,,,,,,,,,,,,,,,,,,,,,,,,,,,,,,,,,,,,,,,,,,,,,,,,,,,,,,,,,,,,,,,,,,
,,,,,,,,,,,,,,,,,,,,,,,,,,,,,,,,,,,,,,,,,,,,,,,,,,,,,,,,,,,,,,,,,,,,,,,,,,,,,,,,,,,,,,,,,,,,,,,,,,,,,,,,,,,,,,,,,,,,,,,,,,,,,,,,,,,,,,,,,,,,,,,,,,,,,,,,,,,,,,,,
,,,,,,,,,,,,,,,,,,,,,,,,,,,,,,,,,,,,,,,,,,,,,,,,,,,,,,,,,,,,,,,,,,,,,,,,,,,,,,,,,,,,,,,,,,,,,,,,,,,,,,,,,,,,,,,,,,,,,,,,,,,,,,,,,,,,,,,,,,,,,,,,,,,,,,,,,,,,,,,,
,,,,,,,,,,,,,,,,,,,,,,,,,,,,,,,,,,,,,,,,,,,,,,,,,,,,,,,,,,,,,,,,,,,,,,,,,,,,,,,,,,,,,,,,,,,,,,,,,,,,,,,,,,,,,,,,,,,,,,,,,,,,,,,,,,,,,,,,,,,,,,,,,,,,,,,,,,,,,,,,
,,,,,,,,,,,,,,,,,,,,,,,,,,,,,,,,,,,,,,,,,,,,,,,,,,,,,,,,,,,,,,,,,,,,,,,,,,,,,,,,,,,,,,,,,,,,,,,,,,,,,,,,,,,,,,,,,,,,,,,,,,,,,,,,,,,,,,,,,,,,,,,,,,,,,,,,,,,,,,,,
,,,,,,,,,,,,,,,,,,,,,,,,,,,,,,,,,,,,,,,,,,,,,,,,,,,,,,,,,,,,,,,,,,,,,,,,,,,,,,,,,,,,,,,,,,,,,,,,,,,,,,,,,,,,,,,,,,,,,,,,,,,,,,,,,,,,,,,,,,,,,,,,,,,,,,,,,,,,,,,,
,,,,,,,,,,,,,,,,,,,,,,,,,,,,,,,,,,,,,,,,,,,,,,,,,,,,,,,,,,,,,,,,,,,,,,,,,,,,,,,,,,,,,,,,,,,,,,,,,,,,,,,,,,,,,,,,,,,,,,,,,,,,,,,,,,,,,,,,,,,,,,,,,,,,,,,,,,,,,,,,
,,,,,,,,,,,,,,,,,,,,,,,,,,,,,,,,,,,,,,,,,,,,,,,,,,,,,,,,,,,,,,,,,,,,,,,,,,,,,,,,,,,,,,,,,,,,,,,,,,,,,,,,,,,,,,,,,,,,,,,,,,,,,,,,,,,,,,,,,,,,,,,,,,,,,,,,,,,,,,,,
,,,,,,,,,,,,,,,,,,,,,,,,,,,,,,,,,,,,,,,,,,,,,,,,,,,,,,,,,,,,,,,,,,,,,,,,,,,,,,,,,,,,,,,,,,,,,,,,,,,,,,,,,,,,,,,,,,,,,,,,,,,,,,,,,,,,,,,,,,,,,,,,,,,,,,,,,,,,,,,,
,,,,,,,,,,,,,,,,,,,,,,,,,,,,,,,,,,,,,,,,,,,,,,,,,,,,,,,,,,,,,,,,,,,,,,,,,,,,,,,,,,,,,,,,,,,,,,,,,,,,,,,,,,,,,,,,,,,,,,,,,,,,,,,,,,,,,,,,,,,,,,,,,,,,,,,,,,,,,,,,
,,,,,,,,,,,,,,,,,,,,,,,,,,,,,,,,,,,,,,,,,,,,,,,,,,,,,,,,,,,,,,,,,,,,,,,,,,,,,,,,,,,,,,,,,,,,,,,,,,,,,,,,,,,,,,,,,,,,,,,,,,,,,,,,,,,,,,,,,,,,,,,,,,,,,,,,,,,,,,,,
,,,,,,,,,,,,,,,,,,,,,,,,,,,,,,,,,,,,,,,,,,,,,,,,,,,,,,,,,,,,,,,,,,,,,,,,,,,,,,,,,,,,,,,,,,,,,,,,,,,,,,,,,,,,,,,,,,,,,,,,,,,,,,,,,,,,,,,,,,,,,,,,,,,,,,,,,,,,,,,,
,,,,,,,,,,,,,,,,,,,,,,,,,,,,,,,,,,,,,,,,,,,,,,,,,,,,,,,,,,,,,,,,,,,,,,,,,,,,,,,,,,,,,,,,,,,,,,,,,,,,,,,,,,,,,,,,,,,,,,,,,,,,,,,,,,,,,,,,,,,,,,,,,,,,,,,,,,,,,,,,
,,,,,,,,,,,,,,,,,,,,,,,,,,,,,,,,,,,,,,,,,,,,,,,,,,,,,,,,,,,,,,,,,,,,,,,,,,,,,,,,,,,,,,,,,,,,,,,,,,,,,,,,,,,,,,,,,,,,,,,,,,,,,,,,,,,,,,,,,,,,,,,,,,,,,,,,,,,,,,,,
,,,,,,,,,,,,,,,,,,,,,,,,,,,,,,,,,,,,,,,,,,,,,,,,,,,,,,,,,,,,,,,,,,,,,,,,,,,,,,,,,,,,,,,,,,,,,,,,,,,,,,,,,,,,,,,,,,,,,,,,,,,,,,,,,,,,,,,,,,,,,,,,,,,,,,,,,,,,,,,,
,,,,,,,,,,,,,,,,,,,,,,,,,,,,,,,,,,,,,,,,,,,,,,,,,,,,,,,,,,,,,,,,,,,,,,,,,,,,,,,,,,,,,,,,,,,,,,,,,,,,,,,,,,,,,,,,,,,,,,,,,,,,,,,,,,,,,,,,,,,,,,,,,,,,,,,,,,,,,,,,
,,,,,,,,,,,,,,,,,,,,,,,,,,,,,,,,,,,,,,,,,,,,,,,,,,,,,,,,,,,,,,,,,,,,,,,,,,,,,,,,,,,,,,,,,,,,,,,,,,,,,,,,,,,,,,,,,,,,,,,,,,,,,,,,,,,,,,,,,,,,,,,,,,,,,,,,,,,,,,,,
,,,,,,,,,,,,,,,,,,,,,,,,,,,,,,,,,,,,,,,,,,,,,,,,,,,,,,,,,,,,,,,,,,,,,,,,,,,,,,,,,,,,,,,,,,,,,,,,,,,,,,,,,,,,,,,,,,,,,,,,,,,,,,,,,,,,,,,,,,,,,,,,,,,,,,,,,,,,,,,,
,,,,,,,,,,,,,,,,,,,,,,,,,,,,,,,,,,,,,,,,,,,,,,,,,,,,,,,,,,,,,,,,,,,,,,,,,,,,,,,,,,,,,,,,,,,,,,,,,,,,,,,,,,,,,,,,,,,,,,,,,,,,,,,,,,,,,,,,,,,,,,,,,,,,,,,,,,,,,,,,
,,,,,,,,,,,,,,,,,,,,,,,,,,,,,,,,,,,,,,,,,,,,,,,,,,,,,,,,,,,,,,,,,,,,,,,,,,,,,,,,,,,,,,,,,,,,,,,,,,,,,,,,,,,,,,,,,,,,,,,,,,,,,,,,,,,,,,,,,,,,,,,,,,,,,,,,,,,,,,,,
,,,,,,,,,,,,,,,,,,,,,,,,,,,,,,,,,,,,,,,,,,,,,,,,,,,,,,,,,,,,,,,,,,,,,,,,,,,,,,,,,,,,,,,,,,,,,,,,,,,,,,,,,,,,,,,,,,,,,,,,,,,,,,,,,,,,,,,,,,,,,,,,,,,,,,,,,,,,,,,,
,,,,,,,,,,,,,,,,,,,,,,,,,,,,,,,,,,,,,,,,,,,,,,,,,,,,,,,,,,,,,,,,,,,,,,,,,,,,,,,,,,,,,,,,,,,,,,,,,,,,,,,,,,,,,,,,,,,,,,,,,,,,,,,,,,,,,,,,,,,,,,,,,,,,,,,,,,,,,,,,
,,,,,,,,,,,,,,,,,,,,,,,,,,,,,,,,,,,,,,,,,,,,,,,,,,,,,,,,,,,,,,,,,,,,,,,,,,,,,,,,,,,,,,,,,,,,,,,,,,,,,,,,,,,,,,,,,,,,,,,,,,,,,,,,,,,,,,,,,,,,,,,,,,,,,,,,,,,,,,,,
,,,,,,,,,,,,,,,,,,,,,,,,,,,,,,,,,,,,,,,,,,,,,,,,,,,,,,,,,,,,,,,,,,,,,,,,,,,,,,,,,,,,,,,,,,,,,,,,,,,,,,,,,,,,,,,,,,,,,,,,,,,,,,,,,,,,,,,,,,,,,,,,,,,,,,,,,,,,,,,,
,,,,,,,,,,,,,,,,,,,,,,,,,,,,,,,,,,,,,,,,,,,,,,,,,,,,,,,,,,,,,,,,,,,,,,,,,,,,,,,,,,,,,,,,,,,,,,,,,,,,,,,,,,,,,,,,,,,,,,,,,,,,,,,,,,,,,,,,,,,,,,,,,,,,,,,,,,,,,,,,
,,,,,,,,,,,,,,,,,,,,,,,,,,,,,,,,,,,,,,,,,,,,,,,,,,,,,,,,,,,,,,,,,,,,,,,,,,,,,,,,,,,,,,,,,,,,,,,,,,,,,,,,,,,,,,,,,,,,,,,,,,,,,,,,,,,,,,,,,,,,,,,,,,,,,,,,,,,,,,,,
,,,,,,,,,,,,,,,,,,,,,,,,,,,,,,,,,,,,,,,,,,,,,,,,,,,,,,,,,,,,,,,,,,,,,,,,,,,,,,,,,,,,,,,,,,,,,,,,,,,,,,,,,,,,,,,,,,,,,,,,,,,,,,,,,,,,,,,,,,,,,,,,,,,,,,,,,,,,,,,,
,,,,,,,,,,,,,,,,,,,,,,,,,,,,,,,,,,,,,,,,,,,,,,,,,,,,,,,,,,,,,,,,,,,,,,,,,,,,,,,,,,,,,,,,,,,,,,,,,,,,,,,,,,,,,,,,,,,,,,,,,,,,,,,,,,,,,,,,,,,,,,,,,,,,,,,,,,,,,,,,
,,,,,,,,,,,,,,,,,,,,,,,,,,,,,,,,,,,,,,,,,,,,,,,,,,,,,,,,,,,,,,,,,,,,,,,,,,,,,,,,,,,,,,,,,,,,,,,,,,,,,,,,,,,,,,,,,,,,,,,,,,,,,,,,,,,,,,,,,,,,,,,,,,,,,,,,,,,,,,,,
,,,,,,,,,,,,,,,,,,,,,,,,,,,,,,,,,,,,,,,,,,,,,,,,,,,,,,,,,,,,,,,,,,,,,,,,,,,,,,,,,,,,,,,,,,,,,,,,,,,,,,,,,,,,,,,,,,,,,,,,,,,,,,,,,,,,,,,,,,,,,,,,,,,,,,,,,,,,,,,,
,,,,,,,,,,,,,,,,,,,,,,,,,,,,,,,,,,,,,,,,,,,,,,,,,,,,,,,,,,,,,,,,,,,,,,,,,,,,,,,,,,,,,,,,,,,,,,,,,,,,,,,,,,,,,,,,,,,,,,,,,,,,,,,,,,,,,,,,,,,,,,,,,,,,,,,,,,,,,,,,
,,,,,,,,,,,,,,,,,,,,,,,,,,,,,,,,,,,,,,,,,,,,,,,,,,,,,,,,,,,,,,,,,,,,,,,,,,,,,,,,,,,,,,,,,,,,,,,,,,,,,,,,,,,,,,,,,,,,,,,,,,,,,,,,,,,,,,,,,,,,,,,,,,,,,,,,,,,,,,,,
,,,,,,,,,,,,,,,,,,,,,,,,,,,,,,,,,,,,,,,,,,,,,,,,,,,,,,,,,,,,,,,,,,,,,,,,,,,,,,,,,,,,,,,,,,,,,,,,,,,,,,,,,,,,,,,,,,,,,,,,,,,,,,,,,,,,,,,,,,,,,,,,,,,,,,,,,,,,,,,,
,,,,,,,,,,,,,,,,,,,,,,,,,,,,,,,,,,,,,,,,,,,,,,,,,,,,,,,,,,,,,,,,,,,,,,,,,,,,,,,,,,,,,,,,,,,,,,,,,,,,,,,,,,,,,,,,,,,,,,,,,,,,,,,,,,,,,,,,,,,,,,,,,,,,,,,,,,,,,,,,
,,,,,,,,,,,,,,,,,,,,,,,,,,,,,,,,,,,,,,,,,,,,,,,,,,,,,,,,,,,,,,,,,,,,,,,,,,,,,,,,,,,,,,,,,,,,,,,,,,,,,,,,,,,,,,,,,,,,,,,,,,,,,,,,,,,,,,,,,,,,,,,,,,,,,,,,,,,,,,,,
,,,,,,,,,,,,,,,,,,,,,,,,,,,,,,,,,,,,,,,,,,,,,,,,,,,,,,,,,,,,,,,,,,,,,,,,,,,,,,,,,,,,,,,,,,,,,,,,,,,,,,,,,,,,,,,,,,,,,,,,,,,,,,,,,,,,,,,,,,,,,,,,,,,,,,,,,,,,,,,,
,,,,,,,,,,,,,,,,,,,,,,,,,,,,,,,,,,,,,,,,,,,,,,,,,,,,,,,,,,,,,,,,,,,,,,,,,,,,,,,,,,,,,,,,,,,,,,,,,,,,,,,,,,,,,,,,,,,,,,,,,,,,,,,,,,,,,,,,,,,,,,,,,,,,,,,,,,,,,,,,
,,,,,,,,,,,,,,,,,,,,,,,,,,,,,,,,,,,,,,,,,,,,,,,,,,,,,,,,,,,,,,,,,,,,,,,,,,,,,,,,,,,,,,,,,,,,,,,,,,,,,,,,,,,,,,,,,,,,,,,,,,,,,,,,,,,,,,,,,,,,,,,,,,,,,,,,,,,,,,,,
,,,,,,,,,,,,,,,,,,,,,,,,,,,,,,,,,,,,,,,,,,,,,,,,,,,,,,,,,,,,,,,,,,,,,,,,,,,,,,,,,,,,,,,,,,,,,,,,,,,,,,,,,,,,,,,,,,,,,,,,,,,,,,,,,,,,,,,,,,,,,,,,,,,,,,,,,,,,,,,,
,,,,,,,,,,,,,,,,,,,,,,,,,,,,,,,,,,,,,,,,,,,,,,,,,,,,,,,,,,,,,,,,,,,,,,,,,,,,,,,,,,,,,,,,,,,,,,,,,,,,,,,,,,,,,,,,,,,,,,,,,,,,,,,,,,,,,,,,,,,,,,,,,,,,,,,,,,,,,,,,
,,,,,,,,,,,,,,,,,,,,,,,,,,,,,,,,,,,,,,,,,,,,,,,,,,,,,,,,,,,,,,,,,,,,,,,,,,,,,,,,,,,,,,,,,,,,,,,,,,,,,,,,,,,,,,,,,,,,,,,,,,,,,,,,,,,,,,,,,,,,,,,,,,,,,,,,,,,,,,,,
,,,,,,,,,,,,,,,,,,,,,,,,,,,,,,,,,,,,,,,,,,,,,,,,,,,,,,,,,,,,,,,,,,,,,,,,,,,,,,,,,,,,,,,,,,,,,,,,,,,,,,,,,,,,,,,,,,,,,,,,,,,,,,,,,,,,,,,,,,,,,,,,,,,,,,,,,,,,,,,,
,,,,,,,,,,,,,,,,,,,,,,,,,,,,,,,,,,,,,,,,,,,,,,,,,,,,,,,,,,,,,,,,,,,,,,,,,,,,,,,,,,,,,,,,,,,,,,,,,,,,,,,,,,,,,,,,,,,,,,,,,,,,,,,,,,,,,,,,,,,,,,,,,,,,,,,,,,,,,,,,
,,,,,,,,,,,,,,,,,,,,,,,,,,,,,,,,,,,,,,,,,,,,,,,,,,,,,,,,,,,,,,,,,,,,,,,,,,,,,,,,,,,,,,,,,,,,,,,,,,,,,,,,,,,,,,,,,,,,,,,,,,,,,,,,,,,,,,,,,,,,,,,,,,,,,,,,,,,,,,,,
,,,,,,,,,,,,,,,,,,,,,,,,,,,,,,,,,,,,,,,,,,,,,,,,,,,,,,,,,,,,,,,,,,,,,,,,,,,,,,,,,,,,,,,,,,,,,,,,,,,,,,,,,,,,,,,,,,,,,,,,,,,,,,,,,,,,,,,,,,,,,,,,,,,,,,,,,,,,,,,,
,,,,,,,,,,,,,,,,,,,,,,,,,,,,,,,,,,,,,,,,,,,,,,,,,,,,,,,,,,,,,,,,,,,,,,,,,,,,,,,,,,,,,,,,,,,,,,,,,,,,,,,,,,,,,,,,,,,,,,,,,,,,,,,,,,,,,,,,,,,,,,,,,,,,,,,,,,,,,,,,
,,,,,,,,,,,,,,,,,,,,,,,,,,,,,,,,,,,,,,,,,,,,,,,,,,,,,,,,,,,,,,,,,,,,,,,,,,,,,,,,,,,,,,,,,,,,,,,,,,,,,,,,,,,,,,,,,,,,,,,,,,,,,,,,,,,,,,,,,,,,,,,,,,,,,,,,,,,,,,,,
,,,,,,,,,,,,,,,,,,,,,,,,,,,,,,,,,,,,,,,,,,,,,,,,,,,,,,,,,,,,,,,,,,,,,,,,,,,,,,,,,,,,,,,,,,,,,,,,,,,,,,,,,,,,,,,,,,,,,,,,,,,,,,,,,,,,,,,,,,,,,,,,,,,,,,,,,,,,,,,,
,,,,,,,,,,,,,,,,,,,,,,,,,,,,,,,,,,,,,,,,,,,,,,,,,,,,,,,,,,,,,,,,,,,,,,,,,,,,,,,,,,,,,,,,,,,,,,,,,,,,,,,,,,,,,,,,,,,,,,,,,,,,,,,,,,,,,,,,,,,,,,,,,,,,,,,,,,,,,,,,
,,,,,,,,,,,,,,,,,,,,,,,,,,,,,,,,,,,,,,,,,,,,,,,,,,,,,,,,,,,,,,,,,,,,,,,,,,,,,,,,,,,,,,,,,,,,,,,,,,,,,,,,,,,,,,,,,,,,,,,,,,,,,,,,,,,,,,,,,,,,,,,,,,,,,,,,,,,,,,,,
,,,,,,,,,,,,,,,,,,,,,,,,,,,,,,,,,,,,,,,,,,,,,,,,,,,,,,,,,,,,,,,,,,,,,,,,,,,,,,,,,,,,,,,,,,,,,,,,,,,,,,,,,,,,,,,,,,,,,,,,,,,,,,,,,,,,,,,,,,,,,,,,,,,,,,,,,,,,,,,,
,,,,,,,,,,,,,,,,,,,,,,,,,,,,,,,,,,,,,,,,,,,,,,,,,,,,,,,,,,,,,,,,,,,,,,,,,,,,,,,,,,,,,,,,,,,,,,,,,,,,,,,,,,,,,,,,,,,,,,,,,,,,,,,,,,,,,,,,,,,,,,,,,,,,,,,,,,,,,,,,
,,,,,,,,,,,,,,,,,,,,,,,,,,,,,,,,,,,,,,,,,,,,,,,,,,,,,,,,,,,,,,,,,,,,,,,,,,,,,,,,,,,,,,,,,,,,,,,,,,,,,,,,,,,,,,,,,,,,,,,,,,,,,,,,,,,,,,,,,,,,,,,,,,,,,,,,,,,,,,,,
,,,,,,,,,,,,,,,,,,,,,,,,,,,,,,,,,,,,,,,,,,,,,,,,,,,,,,,,,,,,,,,,,,,,,,,,,,,,,,,,,,,,,,,,,,,,,,,,,,,,,,,,,,,,,,,,,,,,,,,,,,,,,,,,,,,,,,,,,,,,,,,,,,,,,,,,,,,,,,,,
,,,,,,,,,,,,,,,,,,,,,,,,,,,,,,,,,,,,,,,,,,,,,,,,,,,,,,,,,,,,,,,,,,,,,,,,,,,,,,,,,,,,,,,,,,,,,,,,,,,,,,,,,,,,,,,,,,,,,,,,,,,,,,,,,,,,,,,,,,,,,,,,,,,,,,,,,,,,,,,,
,,,,,,,,,,,,,,,,,,,,,,,,,,,,,,,,,,,,,,,,,,,,,,,,,,,,,,,,,,,,,,,,,,,,,,,,,,,,,,,,,,,,,,,,,,,,,,,,,,,,,,,,,,,,,,,,,,,,,,,,,,,,,,,,,,,,,,,,,,,,,,,,,,,,,,,,,,,,,,,,
,,,,,,,,,,,,,,,,,,,,,,,,,,,,,,,,,,,,,,,,,,,,,,,,,,,,,,,,,,,,,,,,,,,,,,,,,,,,,,,,,,,,,,,,,,,,,,,,,,,,,,,,,,,,,,,,,,,,,,,,,,,,,,,,,,,,,,,,,,,,,,,,,,,,,,,,,,,,,,,,
,,,,,,,,,,,,,,,,,,,,,,,,,,,,,,,,,,,,,,,,,,,,,,,,,,,,,,,,,,,,,,,,,,,,,,,,,,,,,,,,,,,,,,,,,,,,,,,,,,,,,,,,,,,,,,,,,,,,,,,,,,,,,,,,,,,,,,,,,,,,,,,,,,,,,,,,,,,,,,,,
,,,,,,,,,,,,,,,,,,,,,,,,,,,,,,,,,,,,,,,,,,,,,,,,,,,,,,,,,,,,,,,,,,,,,,,,,,,,,,,,,,,,,,,,,,,,,,,,,,,,,,,,,,,,,,,,,,,,,,,,,,,,,,,,,,,,,,,,,,,,,,,,,,,,,,,,,,,,,,,,
,,,,,,,,,,,,,,,,,,,,,,,,,,,,,,,,,,,,,,,,,,,,,,,,,,,,,,,,,,,,,,,,,,,,,,,,,,,,,,,,,,,,,,,,,,,,,,,,,,,,,,,,,,,,,,,,,,,,,,,,,,,,,,,,,,,,,,,,,,,,,,,,,,,,,,,,,,,,,,,,
,,,,,,,,,,,,,,,,,,,,,,,,,,,,,,,,,,,,,,,,,,,,,,,,,,,,,,,,,,,,,,,,,,,,,,,,,,,,,,,,,,,,,,,,,,,,,,,,,,,,,,,,,,,,,,,,,,,,,,,,,,,,,,,,,,,,,,,,,,,,,,,,,,,,,,,,,,,,,,,,
,,,,,,,,,,,,,,,,,,,,,,,,,,,,,,,,,,,,,,,,,,,,,,,,,,,,,,,,,,,,,,,,,,,,,,,,,,,,,,,,,,,,,,,,,,,,,,,,,,,,,,,,,,,,,,,,,,,,,,,,,,,,,,,,,,,,,,,,,,,,,,,,,,,,,,,,,,,,,,,,
,,,,,,,,,,,,,,,,,,,,,,,,,,,,,,,,,,,,,,,,,,,,,,,,,,,,,,,,,,,,,,,,,,,,,,,,,,,,,,,,,,,,,,,,,,,,,,,,,,,,,,,,,,,,,,,,,,,,,,,,,,,,,,,,,,,,,,,,,,,,,,,,,,,,,,,,,,,,,,,,
,,,,,,,,,,,,,,,,,,,,,,,,,,,,,,,,,,,,,,,,,,,,,,,,,,,,,,,,,,,,,,,,,,,,,,,,,,,,,,,,,,,,,,,,,,,,,,,,,,,,,,,,,,,,,,,,,,,,,,,,,,,,,,,,,,,,,,,,,,,,,,,,,,,,,,,,,,,,,,,,
,,,,,,,,,,,,,,,,,,,,,,,,,,,,,,,,,,,,,,,,,,,,,,,,,,,,,,,,,,,,,,,,,,,,,,,,,,,,,,,,,,,,,,,,,,,,,,,,,,,,,,,,,,,,,,,,,,,,,,,,,,,,,,,,,,,,,,,,,,,,,,,,,,,,,,,,,,,,,,,,
,,,,,,,,,,,,,,,,,,,,,,,,,,,,,,,,,,,,,,,,,,,,,,,,,,,,,,,,,,,,,,,,,,,,,,,,,,,,,,,,,,,,,,,,,,,,,,,,,,,,,,,,,,,,,,,,,,,,,,,,,,,,,,,,,,,,,,,,,,,,,,,,,,,,,,,,,,,,,,,,
,,,,,,,,,,,,,,,,,,,,,,,,,,,,,,,,,,,,,,,,,,,,,,,,,,,,,,,,,,,,,,,,,,,,,,,,,,,,,,,,,,,,,,,,,,,,,,,,,,,,,,,,,,,,,,,,,,,,,,,,,,,,,,,,,,,,,,,,,,,,,,,,,,,,,,,,,,,,,,,,
,,,,,,,,,,,,,,,,,,,,,,,,,,,,,,,,,,,,,,,,,,,,,,,,,,,,,,,,,,,,,,,,,,,,,,,,,,,,,,,,,,,,,,,,,,,,,,,,,,,,,,,,,,,,,,,,,,,,,,,,,,,,,,,,,,,,,,,,,,,,,,,,,,,,,,,,,,,,,,,,
,,,,,,,,,,,,,,,,,,,,,,,,,,,,,,,,,,,,,,,,,,,,,,,,,,,,,,,,,,,,,,,,,,,,,,,,,,,,,,,,,,,,,,,,,,,,,,,,,,,,,,,,,,,,,,,,,,,,,,,,,,,,,,,,,,,,,,,,,,,,,,,,,,,,,,,,,,,,,,,,
,,,,,,,,,,,,,,,,,,,,,,,,,,,,,,,,,,,,,,,,,,,,,,,,,,,,,,,,,,,,,,,,,,,,,,,,,,,,,,,,,,,,,,,,,,,,,,,,,,,,,,,,,,,,,,,,,,,,,,,,,,,,,,,,,,,,,,,,,,,,,,,,,,,,,,,,,,,,,,,,
,,,,,,,,,,,,,,,,,,,,,,,,,,,,,,,,,,,,,,,,,,,,,,,,,,,,,,,,,,,,,,,,,,,,,,,,,,,,,,,,,,,,,,,,,,,,,,,,,,,,,,,,,,,,,,,,,,,,,,,,,,,,,,,,,,,,,,,,,,,,,,,,,,,,,,,,,,,,,,,,
,,,,,,,,,,,,,,,,,,,,,,,,,,,,,,,,,,,,,,,,,,,,,,,,,,,,,,,,,,,,,,,,,,,,,,,,,,,,,,,,,,,,,,,,,,,,,,,,,,,,,,,,,,,,,,,,,,,,,,,,,,,,,,,,,,,,,,,,,,,,,,,,,,,,,,,,,,,,,,,,
,,,,,,,,,,,,,,,,,,,,,,,,,,,,,,,,,,,,,,,,,,,,,,,,,,,,,,,,,,,,,,,,,,,,,,,,,,,,,,,,,,,,,,,,,,,,,,,,,,,,,,,,,,,,,,,,,,,,,,,,,,,,,,,,,,,,,,,,,,,,,,,,,,,,,,,,,,,,,,,,
,,,,,,,,,,,,,,,,,,,,,,,,,,,,,,,,,,,,,,,,,,,,,,,,,,,,,,,,,,,,,,,,,,,,,,,,,,,,,,,,,,,,,,,,,,,,,,,,,,,,,,,,,,,,,,,,,,,,,,,,,,,,,,,,,,,,,,,,,,,,,,,,,,,,,,,,,,,,,,,,
,,,,,,,,,,,,,,,,,,,,,,,,,,,,,,,,,,,,,,,,,,,,,,,,,,,,,,,,,,,,,,,,,,,,,,,,,,,,,,,,,,,,,,,,,,,,,,,,,,,,,,,,,,,,,,,,,,,,,,,,,,,,,,,,,,,,,,,,,,,,,,,,,,,,,,,,,,,,,,,,
,,,,,,,,,,,,,,,,,,,,,,,,,,,,,,,,,,,,,,,,,,,,,,,,,,,,,,,,,,,,,,,,,,,,,,,,,,,,,,,,,,,,,,,,,,,,,,,,,,,,,,,,,,,,,,,,,,,,,,,,,,,,,,,,,,,,,,,,,,,,,,,,,,,,,,,,,,,,,,,,
,,,,,,,,,,,,,,,,,,,,,,,,,,,,,,,,,,,,,,,,,,,,,,,,,,,,,,,,,,,,,,,,,,,,,,,,,,,,,,,,,,,,,,,,,,,,,,,,,,,,,,,,,,,,,,,,,,,,,,,,,,,,,,,,,,,,,,,,,,,,,,,,,,,,,,,,,,,,,,,,
,,,,,,,,,,,,,,,,,,,,,,,,,,,,,,,,,,,,,,,,,,,,,,,,,,,,,,,,,,,,,,,,,,,,,,,,,,,,,,,,,,,,,,,,,,,,,,,,,,,,,,,,,,,,,,,,,,,,,,,,,,,,,,,,,,,,,,,,,,,,,,,,,,,,,,,,,,,,,,,,
,,,,,,,,,,,,,,,,,,,,,,,,,,,,,,,,,,,,,,,,,,,,,,,,,,,,,,,,,,,,,,,,,,,,,,,,,,,,,,,,,,,,,,,,,,,,,,,,,,,,,,,,,,,,,,,,,,,,,,,,,,,,,,,,,,,,,,,,,,,,,,,,,,,,,,,,,,,,,,,,
,,,,,,,,,,,,,,,,,,,,,,,,,,,,,,,,,,,,,,,,,,,,,,,,,,,,,,,,,,,,,,,,,,,,,,,,,,,,,,,,,,,,,,,,,,,,,,,,,,,,,,,,,,,,,,,,,,,,,,,,,,,,,,,,,,,,,,,,,,,,,,,,,,,,,,,,,,,,,,,,
,,,,,,,,,,,,,,,,,,,,,,,,,,,,,,,,,,,,,,,,,,,,,,,,,,,,,,,,,,,,,,,,,,,,,,,,,,,,,,,,,,,,,,,,,,,,,,,,,,,,,,,,,,,,,,,,,,,,,,,,,,,,,,,,,,,,,,,,,,,,,,,,,,,,,,,,,,,,,,,,
,,,,,,,,,,,,,,,,,,,,,,,,,,,,,,,,,,,,,,,,,,,,,,,,,,,,,,,,,,,,,,,,,,,,,,,,,,,,,,,,,,,,,,,,,,,,,,,,,,,,,,,,,,,,,,,,,,,,,,,,,,,,,,,,,,,,,,,,,,,,,,,,,,,,,,,,,,,,,,,,
,,,,,,,,,,,,,,,,,,,,,,,,,,,,,,,,,,,,,,,,,,,,,,,,,,,,,,,,,,,,,,,,,,,,,,,,,,,,,,,,,,,,,,,,,,,,,,,,,,,,,,,,,,,,,,,,,,,,,,,,,,,,,,,,,,,,,,,,,,,,,,,,,,,,,,,,,,,,,,,,
,,,,,,,,,,,,,,,,,,,,,,,,,,,,,,,,,,,,,,,,,,,,,,,,,,,,,,,,,,,,,,,,,,,,,,,,,,,,,,,,,,,,,,,,,,,,,,,,,,,,,,,,,,,,,,,,,,,,,,,,,,,,,,,,,,,,,,,,,,,,,,,,,,,,,,,,,,,,,,,,
,,,,,,,,,,,,,,,,,,,,,,,,,,,,,,,,,,,,,,,,,,,,,,,,,,,,,,,,,,,,,,,,,,,,,,,,,,,,,,,,,,,,,,,,,,,,,,,,,,,,,,,,,,,,,,,,,,,,,,,,,,,,,,,,,,,,,,,,,,,,,,,,,,,,,,,,,,,,,,,,
,,,,,,,,,,,,,,,,,,,,,,,,,,,,,,,,,,,,,,,,,,,,,,,,,,,,,,,,,,,,,,,,,,,,,,,,,,,,,,,,,,,,,,,,,,,,,,,,,,,,,,,,,,,,,,,,,,,,,,,,,,,,,,,,,,,,,,,,,,,,,,,,,,,,,,,,,,,,,,,,
,,,,,,,,,,,,,,,,,,,,,,,,,,,,,,,,,,,,,,,,,,,,,,,,,,,,,,,,,,,,,,,,,,,,,,,,,,,,,,,,,,,,,,,,,,,,,,,,,,,,,,,,,,,,,,,,,,,,,,,,,,,,,,,,,,,,,,,,,,,,,,,,,,,,,,,,,,,,,,,,
